,Steps,ASR,method
0,3000,0.27,direct
1,3000,0.23,direct
2,3000,0.2,direct
3,3000,0.27,direct
4,3000,0.26,direct
5,3020,0.31,direct
6,3020,0.28,direct
7,3020,0.24,direct
8,3020,0.34,direct
9,3020,0.27,direct
10,3040,0.38,direct
11,3040,0.34,direct
12,3040,0.39,direct
13,3040,0.33,direct
14,3040,0.32,direct
15,3060,0.32,direct
16,3060,0.3,direct
17,3060,0.4,direct
18,3060,0.43,direct
19,3060,0.35,direct
20,3080,0.4,direct
21,3080,0.37,direct
22,3080,0.36,direct
23,3080,0.39,direct
24,3080,0.38,direct
25,3100,0.45,direct
26,3100,0.49,direct
27,3100,0.46,direct
28,3100,0.44,direct
29,3100,0.44,direct
30,3120,0.45,direct
31,3120,0.53,direct
32,3120,0.51,direct
33,3120,0.48,direct
34,3120,0.48,direct
35,3140,0.43,direct
36,3140,0.49,direct
37,3140,0.51,direct
38,3140,0.45,direct
39,3140,0.41,direct
40,3160,0.55,direct
41,3160,0.5,direct
42,3160,0.55,direct
43,3160,0.49,direct
44,3160,0.54,direct
45,3180,0.49,direct
46,3180,0.57,direct
47,3180,0.59,direct
48,3180,0.55,direct
49,3180,0.55,direct
50,3200,0.53,direct
51,3200,0.62,direct
52,3200,0.6,direct
53,3200,0.58,direct
54,3200,0.6,direct
55,3220,0.57,direct
56,3220,0.52,direct
57,3220,0.62,direct
58,3220,0.52,direct
59,3220,0.61,direct
60,3240,0.57,direct
61,3240,0.6,direct
62,3240,0.63,direct
63,3240,0.61,direct
64,3240,0.6,direct
65,3260,0.63,direct
66,3260,0.64,direct
67,3260,0.51,direct
68,3260,0.6,direct
69,3260,0.65,direct
70,3280,0.66,direct
71,3280,0.66,direct
72,3280,0.67,direct
73,3280,0.65,direct
74,3280,0.65,direct
75,3300,0.56,direct
76,3300,0.56,direct
77,3300,0.64,direct
78,3300,0.61,direct
79,3300,0.61,direct
80,3320,0.59,direct
81,3320,0.68,direct
82,3320,0.67,direct
83,3320,0.69,direct
84,3320,0.69,direct
85,3340,0.55,direct
86,3340,0.69,direct
87,3340,0.6,direct
88,3340,0.65,direct
89,3340,0.57,direct
90,3360,0.67,direct
91,3360,0.67,direct
92,3360,0.57,direct
93,3360,0.7,direct
94,3360,0.66,direct
95,3380,0.7,direct
96,3380,0.61,direct
97,3380,0.68,direct
98,3380,0.7,direct
99,3380,0.63,direct
100,3400,0.71,direct
101,3400,0.63,direct
102,3400,0.66,direct
103,3400,0.69,direct
104,3400,0.71,direct
105,3420,0.64,direct
106,3420,0.71,direct
107,3420,0.72,direct
108,3420,0.59,direct
109,3420,0.69,direct
110,3440,0.63,direct
111,3440,0.69,direct
112,3440,0.67,direct
113,3440,0.66,direct
114,3440,0.72,direct
115,3460,0.73,direct
116,3460,0.69,direct
117,3460,0.71,direct
118,3460,0.73,direct
119,3460,0.66,direct
120,3480,0.73,direct
121,3480,0.67,direct
122,3480,0.68,direct
123,3480,0.71,direct
124,3480,0.68,direct
125,3500,0.71,direct
126,3500,0.72,direct
127,3500,0.65,direct
128,3500,0.73,direct
129,3500,0.66,direct
130,3520,0.69,direct
131,3520,0.7,direct
132,3520,0.69,direct
133,3520,0.71,direct
134,3520,0.69,direct
135,3540,0.68,direct
136,3540,0.75,direct
137,3540,0.69,direct
138,3540,0.7,direct
139,3540,0.75,direct
140,3560,0.71,direct
141,3560,0.66,direct
142,3560,0.66,direct
143,3560,0.74,direct
144,3560,0.67,direct
145,3580,0.71,direct
146,3580,0.73,direct
147,3580,0.74,direct
148,3580,0.71,direct
149,3580,0.74,direct
150,3600,0.68,direct
151,3600,0.62,direct
152,3600,0.75,direct
153,3600,0.72,direct
154,3600,0.67,direct
155,3620,0.71,direct
156,3620,0.77,direct
157,3620,0.73,direct
158,3620,0.75,direct
159,3620,0.74,direct
160,3640,0.73,direct
161,3640,0.73,direct
162,3640,0.77,direct
163,3640,0.75,direct
164,3640,0.77,direct
165,3660,0.64,direct
166,3660,0.64,direct
167,3660,0.72,direct
168,3660,0.67,direct
169,3660,0.77,direct
170,3680,0.73,direct
171,3680,0.71,direct
172,3680,0.77,direct
173,3680,0.72,direct
174,3680,0.73,direct
175,3700,0.68,direct
176,3700,0.75,direct
177,3700,0.73,direct
178,3700,0.74,direct
179,3700,0.65,direct
180,3720,0.75,direct
181,3720,0.68,direct
182,3720,0.73,direct
183,3720,0.77,direct
184,3720,0.64,direct
185,3740,0.73,direct
186,3740,0.71,direct
187,3740,0.69,direct
188,3740,0.77,direct
189,3740,0.71,direct
190,3760,0.72,direct
191,3760,0.64,direct
192,3760,0.73,direct
193,3760,0.76,direct
194,3760,0.69,direct
195,3780,0.74,direct
196,3780,0.74,direct
197,3780,0.77,direct
198,3780,0.68,direct
199,3780,0.68,direct
200,3800,0.76,direct
201,3800,0.76,direct
202,3800,0.77,direct
203,3800,0.72,direct
204,3800,0.72,direct
205,3820,0.77,direct
206,3820,0.74,direct
207,3820,0.76,direct
208,3820,0.71,direct
209,3820,0.64,direct
210,3840,0.73,direct
211,3840,0.75,direct
212,3840,0.71,direct
213,3840,0.74,direct
214,3840,0.78,direct
215,3860,0.7,direct
216,3860,0.73,direct
217,3860,0.77,direct
218,3860,0.78,direct
219,3860,0.76,direct
220,3880,0.78,direct
221,3880,0.74,direct
222,3880,0.68,direct
223,3880,0.77,direct
224,3880,0.79,direct
225,3900,0.77,direct
226,3900,0.78,direct
227,3900,0.77,direct
228,3900,0.69,direct
229,3900,0.74,direct
230,3920,0.78,direct
231,3920,0.79,direct
232,3920,0.73,direct
233,3920,0.74,direct
234,3920,0.72,direct
235,3940,0.77,direct
236,3940,0.78,direct
237,3940,0.75,direct
238,3940,0.78,direct
239,3940,0.72,direct
240,3960,0.67,direct
241,3960,0.74,direct
242,3960,0.75,direct
243,3960,0.65,direct
244,3960,0.75,direct
245,3980,0.75,direct
246,3980,0.75,direct
247,3980,0.74,direct
248,3980,0.77,direct
249,3980,0.64,direct
250,4000,0.31,direct
251,4000,0.21,direct
252,4000,0.29,direct
253,4000,0.21,direct
254,4000,0.3,direct
255,4020,0.27,direct
256,4020,0.29,direct
257,4020,0.31,direct
258,4020,0.24,direct
259,4020,0.3,direct
260,4040,0.35,direct
261,4040,0.32,direct
262,4040,0.28,direct
263,4040,0.32,direct
264,4040,0.27,direct
265,4060,0.33,direct
266,4060,0.35,direct
267,4060,0.31,direct
268,4060,0.37,direct
269,4060,0.36,direct
270,4080,0.34,direct
271,4080,0.39,direct
272,4080,0.38,direct
273,4080,0.31,direct
274,4080,0.4,direct
275,4100,0.42,direct
276,4100,0.35,direct
277,4100,0.38,direct
278,4100,0.32,direct
279,4100,0.41,direct
280,4120,0.41,direct
281,4120,0.45,direct
282,4120,0.3,direct
283,4120,0.43,direct
284,4120,0.38,direct
285,4140,0.39,direct
286,4140,0.41,direct
287,4140,0.45,direct
288,4140,0.46,direct
289,4140,0.35,direct
290,4160,0.35,direct
291,4160,0.34,direct
292,4160,0.48,direct
293,4160,0.47,direct
294,4160,0.39,direct
295,4180,0.4,direct
296,4180,0.43,direct
297,4180,0.43,direct
298,4180,0.49,direct
299,4180,0.45,direct
300,4200,0.51,direct
301,4200,0.45,direct
302,4200,0.51,direct
303,4200,0.5,direct
304,4200,0.45,direct
305,4220,0.49,direct
306,4220,0.5,direct
307,4220,0.5,direct
308,4220,0.43,direct
309,4220,0.49,direct
310,4240,0.53,direct
311,4240,0.4,direct
312,4240,0.48,direct
313,4240,0.54,direct
314,4240,0.45,direct
315,4260,0.54,direct
316,4260,0.48,direct
317,4260,0.48,direct
318,4260,0.41,direct
319,4260,0.51,direct
320,4280,0.5,direct
321,4280,0.52,direct
322,4280,0.56,direct
323,4280,0.56,direct
324,4280,0.54,direct
325,4300,0.55,direct
326,4300,0.53,direct
327,4300,0.49,direct
328,4300,0.51,direct
329,4300,0.56,direct
330,4320,0.5,direct
331,4320,0.49,direct
332,4320,0.51,direct
333,4320,0.51,direct
334,4320,0.55,direct
335,4340,0.46,direct
336,4340,0.5,direct
337,4340,0.58,direct
338,4340,0.56,direct
339,4340,0.59,direct
340,4360,0.52,direct
341,4360,0.57,direct
342,4360,0.56,direct
343,4360,0.45,direct
344,4360,0.57,direct
345,4380,0.58,direct
346,4380,0.57,direct
347,4380,0.49,direct
348,4380,0.48,direct
349,4380,0.51,direct
350,4400,0.58,direct
351,4400,0.61,direct
352,4400,0.57,direct
353,4400,0.53,direct
354,4400,0.58,direct
355,4420,0.61,direct
356,4420,0.56,direct
357,4420,0.56,direct
358,4420,0.62,direct
359,4420,0.55,direct
360,4440,0.62,direct
361,4440,0.54,direct
362,4440,0.56,direct
363,4440,0.56,direct
364,4440,0.59,direct
365,4460,0.63,direct
366,4460,0.62,direct
367,4460,0.62,direct
368,4460,0.54,direct
369,4460,0.57,direct
370,4480,0.57,direct
371,4480,0.58,direct
372,4480,0.51,direct
373,4480,0.54,direct
374,4480,0.61,direct
375,4500,0.58,direct
376,4500,0.64,direct
377,4500,0.54,direct
378,4500,0.61,direct
379,4500,0.57,direct
380,4520,0.65,direct
381,4520,0.6,direct
382,4520,0.63,direct
383,4520,0.64,direct
384,4520,0.56,direct
385,4540,0.59,direct
386,4540,0.57,direct
387,4540,0.55,direct
388,4540,0.56,direct
389,4540,0.59,direct
390,4560,0.62,direct
391,4560,0.66,direct
392,4560,0.61,direct
393,4560,0.65,direct
394,4560,0.61,direct
395,4580,0.65,direct
396,4580,0.57,direct
397,4580,0.62,direct
398,4580,0.57,direct
399,4580,0.6,direct
400,4600,0.65,direct
401,4600,0.54,direct
402,4600,0.54,direct
403,4600,0.58,direct
404,4600,0.57,direct
405,4620,0.63,direct
406,4620,0.66,direct
407,4620,0.67,direct
408,4620,0.65,direct
409,4620,0.53,direct
410,4640,0.52,direct
411,4640,0.65,direct
412,4640,0.54,direct
413,4640,0.53,direct
414,4640,0.52,direct
415,4660,0.63,direct
416,4660,0.66,direct
417,4660,0.67,direct
418,4660,0.64,direct
419,4660,0.67,direct
420,4680,0.65,direct
421,4680,0.6,direct
422,4680,0.51,direct
423,4680,0.66,direct
424,4680,0.6,direct
425,4700,0.65,direct
426,4700,0.57,direct
427,4700,0.57,direct
428,4700,0.6,direct
429,4700,0.64,direct
430,4720,0.65,direct
431,4720,0.67,direct
432,4720,0.64,direct
433,4720,0.56,direct
434,4720,0.64,direct
435,4740,0.67,direct
436,4740,0.6,direct
437,4740,0.67,direct
438,4740,0.65,direct
439,4740,0.64,direct
440,4760,0.58,direct
441,4760,0.67,direct
442,4760,0.63,direct
443,4760,0.66,direct
444,4760,0.57,direct
445,4780,0.67,direct
446,4780,0.58,direct
447,4780,0.68,direct
448,4780,0.66,direct
449,4780,0.65,direct
450,4800,0.68,direct
451,4800,0.58,direct
452,4800,0.68,direct
453,4800,0.58,direct
454,4800,0.61,direct
455,4820,0.67,direct
456,4820,0.62,direct
457,4820,0.63,direct
458,4820,0.57,direct
459,4820,0.66,direct
460,4840,0.66,direct
461,4840,0.66,direct
462,4840,0.68,direct
463,4840,0.6,direct
464,4840,0.67,direct
465,4860,0.66,direct
466,4860,0.67,direct
467,4860,0.63,direct
468,4860,0.63,direct
469,4860,0.58,direct
470,4880,0.68,direct
471,4880,0.52,direct
472,4880,0.63,direct
473,4880,0.55,direct
474,4880,0.64,direct
475,4900,0.56,direct
476,4900,0.67,direct
477,4900,0.65,direct
478,4900,0.61,direct
479,4900,0.67,direct
480,4920,0.62,direct
481,4920,0.64,direct
482,4920,0.58,direct
483,4920,0.65,direct
484,4920,0.66,direct
485,4940,0.68,direct
486,4940,0.68,direct
487,4940,0.63,direct
488,4940,0.64,direct
489,4940,0.67,direct
490,4960,0.63,direct
491,4960,0.66,direct
492,4960,0.69,direct
493,4960,0.57,direct
494,4960,0.58,direct
495,4980,0.64,direct
496,4980,0.65,direct
497,4980,0.63,direct
498,4980,0.66,direct
499,4980,0.68,direct
500,0,0.23,bb
501,0,0.16,bb
502,0,0.24,bb
503,0,0.23,bb
504,0,0.26,bb
505,20.07630522,0.29,bb
506,20.07630522,0.22,bb
507,20.07630522,0.27,bb
508,20.07630522,0.2,bb
509,20.07630522,0.28,bb
510,40.15261044,0.24,bb
511,40.15261044,0.29,bb
512,40.15261044,0.23,bb
513,40.15261044,0.23,bb
514,40.15261044,0.28,bb
515,60.22891566,0.3,bb
516,60.22891566,0.28,bb
517,60.22891566,0.26,bb
518,60.22891566,0.2,bb
519,60.22891566,0.24,bb
520,80.30522088,0.2,bb
521,80.30522088,0.28,bb
522,80.30522088,0.28,bb
523,80.30522088,0.29,bb
524,80.30522088,0.26,bb
525,100.3815261,0.31,bb
526,100.3815261,0.29,bb
527,100.3815261,0.32,bb
528,100.3815261,0.3,bb
529,100.3815261,0.28,bb
530,120.4578313,0.28,bb
531,120.4578313,0.24,bb
532,120.4578313,0.34,bb
533,120.4578313,0.32,bb
534,120.4578313,0.29,bb
535,140.5341365,0.24,bb
536,140.5341365,0.35,bb
537,140.5341365,0.23,bb
538,140.5341365,0.32,bb
539,140.5341365,0.28,bb
540,160.6104418,0.26,bb
541,160.6104418,0.32,bb
542,160.6104418,0.31,bb
543,160.6104418,0.27,bb
544,160.6104418,0.3,bb
545,180.686747,0.37,bb
546,180.686747,0.36,bb
547,180.686747,0.3,bb
548,180.686747,0.36,bb
549,180.686747,0.36,bb
550,200.7630522,0.33,bb
551,200.7630522,0.36,bb
552,200.7630522,0.26,bb
553,200.7630522,0.38,bb
554,200.7630522,0.37,bb
555,220.8393574,0.27,bb
556,220.8393574,0.34,bb
557,220.8393574,0.35,bb
558,220.8393574,0.32,bb
559,220.8393574,0.35,bb
560,240.9156627,0.35,bb
561,240.9156627,0.36,bb
562,240.9156627,0.3,bb
563,240.9156627,0.36,bb
564,240.9156627,0.33,bb
565,260.9919679,0.4,bb
566,260.9919679,0.36,bb
567,260.9919679,0.35,bb
568,260.9919679,0.4,bb
569,260.9919679,0.35,bb
570,281.0682731,0.38,bb
571,281.0682731,0.4,bb
572,281.0682731,0.41,bb
573,281.0682731,0.41,bb
574,281.0682731,0.39,bb
575,301.1445783,0.36,bb
576,301.1445783,0.38,bb
577,301.1445783,0.36,bb
578,301.1445783,0.42,bb
579,301.1445783,0.38,bb
580,321.2208835,0.41,bb
581,321.2208835,0.43,bb
582,321.2208835,0.41,bb
583,321.2208835,0.34,bb
584,321.2208835,0.41,bb
585,341.2971888,0.35,bb
586,341.2971888,0.39,bb
587,341.2971888,0.37,bb
588,341.2971888,0.34,bb
589,341.2971888,0.36,bb
590,361.373494,0.43,bb
591,361.373494,0.42,bb
592,361.373494,0.41,bb
593,361.373494,0.43,bb
594,361.373494,0.37,bb
595,381.4497992,0.39,bb
596,381.4497992,0.42,bb
597,381.4497992,0.45,bb
598,381.4497992,0.41,bb
599,381.4497992,0.36,bb
600,401.5261044,0.44,bb
601,401.5261044,0.46,bb
602,401.5261044,0.4,bb
603,401.5261044,0.41,bb
604,401.5261044,0.37,bb
605,421.6024096,0.46,bb
606,421.6024096,0.43,bb
607,421.6024096,0.46,bb
608,421.6024096,0.47,bb
609,421.6024096,0.43,bb
610,441.6787149,0.36,bb
611,441.6787149,0.4,bb
612,441.6787149,0.42,bb
613,441.6787149,0.47,bb
614,441.6787149,0.36,bb
615,461.7550201,0.44,bb
616,461.7550201,0.44,bb
617,461.7550201,0.47,bb
618,461.7550201,0.45,bb
619,461.7550201,0.46,bb
620,481.8313253,0.37,bb
621,481.8313253,0.46,bb
622,481.8313253,0.47,bb
623,481.8313253,0.45,bb
624,481.8313253,0.49,bb
625,501.9076305,0.48,bb
626,501.9076305,0.44,bb
627,501.9076305,0.44,bb
628,501.9076305,0.39,bb
629,501.9076305,0.44,bb
630,521.9839357,0.46,bb
631,521.9839357,0.49,bb
632,521.9839357,0.44,bb
633,521.9839357,0.5,bb
634,521.9839357,0.45,bb
635,542.060241,0.41,bb
636,542.060241,0.39,bb
637,542.060241,0.45,bb
638,542.060241,0.49,bb
639,542.060241,0.49,bb
640,562.1365462,0.48,bb
641,562.1365462,0.49,bb
642,562.1365462,0.43,bb
643,562.1365462,0.51,bb
644,562.1365462,0.51,bb
645,582.2128514,0.48,bb
646,582.2128514,0.45,bb
647,582.2128514,0.46,bb
648,582.2128514,0.51,bb
649,582.2128514,0.46,bb
650,602.2891566,0.51,bb
651,602.2891566,0.54,bb
652,602.2891566,0.47,bb
653,602.2891566,0.52,bb
654,602.2891566,0.44,bb
655,622.3654618,0.47,bb
656,622.3654618,0.51,bb
657,622.3654618,0.5,bb
658,622.3654618,0.53,bb
659,622.3654618,0.52,bb
660,642.4417671,0.42,bb
661,642.4417671,0.54,bb
662,642.4417671,0.51,bb
663,642.4417671,0.55,bb
664,642.4417671,0.49,bb
665,662.5180723,0.55,bb
666,662.5180723,0.54,bb
667,662.5180723,0.52,bb
668,662.5180723,0.49,bb
669,662.5180723,0.52,bb
670,682.5943775,0.53,bb
671,682.5943775,0.56,bb
672,682.5943775,0.52,bb
673,682.5943775,0.56,bb
674,682.5943775,0.45,bb
675,702.6706827,0.49,bb
676,702.6706827,0.49,bb
677,702.6706827,0.55,bb
678,702.6706827,0.57,bb
679,702.6706827,0.52,bb
680,722.746988,0.57,bb
681,722.746988,0.53,bb
682,722.746988,0.55,bb
683,722.746988,0.45,bb
684,722.746988,0.55,bb
685,742.8232932,0.53,bb
686,742.8232932,0.58,bb
687,742.8232932,0.57,bb
688,742.8232932,0.53,bb
689,742.8232932,0.54,bb
690,762.8995984,0.57,bb
691,762.8995984,0.49,bb
692,762.8995984,0.53,bb
693,762.8995984,0.57,bb
694,762.8995984,0.57,bb
695,782.9759036,0.56,bb
696,782.9759036,0.58,bb
697,782.9759036,0.57,bb
698,782.9759036,0.5,bb
699,782.9759036,0.57,bb
700,803.0522088,0.55,bb
701,803.0522088,0.56,bb
702,803.0522088,0.56,bb
703,803.0522088,0.6,bb
704,803.0522088,0.57,bb
705,823.1285141,0.57,bb
706,823.1285141,0.59,bb
707,823.1285141,0.56,bb
708,823.1285141,0.61,bb
709,823.1285141,0.52,bb
710,843.2048193,0.54,bb
711,843.2048193,0.61,bb
712,843.2048193,0.57,bb
713,843.2048193,0.59,bb
714,843.2048193,0.6,bb
715,863.2811245,0.6,bb
716,863.2811245,0.54,bb
717,863.2811245,0.59,bb
718,863.2811245,0.52,bb
719,863.2811245,0.61,bb
720,883.3574297,0.6,bb
721,883.3574297,0.62,bb
722,883.3574297,0.52,bb
723,883.3574297,0.57,bb
724,883.3574297,0.62,bb
725,903.4337349,0.64,bb
726,903.4337349,0.58,bb
727,903.4337349,0.57,bb
728,903.4337349,0.56,bb
729,903.4337349,0.64,bb
730,923.5100402,0.59,bb
731,923.5100402,0.65,bb
732,923.5100402,0.58,bb
733,923.5100402,0.6,bb
734,923.5100402,0.59,bb
735,943.5863454,0.65,bb
736,943.5863454,0.6,bb
737,943.5863454,0.6,bb
738,943.5863454,0.59,bb
739,943.5863454,0.59,bb
740,963.6626506,0.53,bb
741,963.6626506,0.66,bb
742,963.6626506,0.63,bb
743,963.6626506,0.64,bb
744,963.6626506,0.56,bb
745,983.7389558,0.63,bb
746,983.7389558,0.63,bb
747,983.7389558,0.63,bb
748,983.7389558,0.64,bb
749,983.7389558,0.64,bb
750,1003.815261,0.6,bb
751,1003.815261,0.63,bb
752,1003.815261,0.61,bb
753,1003.815261,0.58,bb
754,1003.815261,0.65,bb
755,1023.891566,0.68,bb
756,1023.891566,0.56,bb
757,1023.891566,0.62,bb
758,1023.891566,0.61,bb
759,1023.891566,0.63,bb
760,1043.967871,0.58,bb
761,1043.967871,0.65,bb
762,1043.967871,0.66,bb
763,1043.967871,0.63,bb
764,1043.967871,0.59,bb
765,1064.044177,0.65,bb
766,1064.044177,0.63,bb
767,1064.044177,0.63,bb
768,1064.044177,0.63,bb
769,1064.044177,0.67,bb
770,1084.120482,0.66,bb
771,1084.120482,0.59,bb
772,1084.120482,0.63,bb
773,1084.120482,0.68,bb
774,1084.120482,0.65,bb
775,1104.196787,0.66,bb
776,1104.196787,0.63,bb
777,1104.196787,0.66,bb
778,1104.196787,0.6,bb
779,1104.196787,0.66,bb
780,1124.273092,0.66,bb
781,1124.273092,0.7,bb
782,1124.273092,0.69,bb
783,1124.273092,0.69,bb
784,1124.273092,0.67,bb
785,1144.349398,0.71,bb
786,1144.349398,0.68,bb
787,1144.349398,0.71,bb
788,1144.349398,0.71,bb
789,1144.349398,0.69,bb
790,1164.425703,0.63,bb
791,1164.425703,0.7,bb
792,1164.425703,0.58,bb
793,1164.425703,0.69,bb
794,1164.425703,0.67,bb
795,1184.502008,0.72,bb
796,1184.502008,0.72,bb
797,1184.502008,0.72,bb
798,1184.502008,0.69,bb
799,1184.502008,0.64,bb
800,1204.578313,0.72,bb
801,1204.578313,0.73,bb
802,1204.578313,0.7,bb
803,1204.578313,0.69,bb
804,1204.578313,0.71,bb
805,1224.654618,0.72,bb
806,1224.654618,0.7,bb
807,1224.654618,0.7,bb
808,1224.654618,0.64,bb
809,1224.654618,0.68,bb
810,1244.730924,0.61,bb
811,1244.730924,0.73,bb
812,1244.730924,0.7,bb
813,1244.730924,0.73,bb
814,1244.730924,0.62,bb
815,1264.807229,0.74,bb
816,1264.807229,0.74,bb
817,1264.807229,0.72,bb
818,1264.807229,0.73,bb
819,1264.807229,0.73,bb
820,1284.883534,0.71,bb
821,1284.883534,0.7,bb
822,1284.883534,0.75,bb
823,1284.883534,0.74,bb
824,1284.883534,0.73,bb
825,1304.959839,0.75,bb
826,1304.959839,0.64,bb
827,1304.959839,0.63,bb
828,1304.959839,0.75,bb
829,1304.959839,0.71,bb
830,1325.036145,0.72,bb
831,1325.036145,0.7,bb
832,1325.036145,0.73,bb
833,1325.036145,0.74,bb
834,1325.036145,0.68,bb
835,1345.11245,0.76,bb
836,1345.11245,0.75,bb
837,1345.11245,0.76,bb
838,1345.11245,0.67,bb
839,1345.11245,0.76,bb
840,1365.188755,0.75,bb
841,1365.188755,0.66,bb
842,1365.188755,0.75,bb
843,1365.188755,0.76,bb
844,1365.188755,0.72,bb
845,1385.26506,0.7,bb
846,1385.26506,0.76,bb
847,1385.26506,0.75,bb
848,1385.26506,0.74,bb
849,1385.26506,0.68,bb
850,1405.341365,0.71,bb
851,1405.341365,0.77,bb
852,1405.341365,0.72,bb
853,1405.341365,0.74,bb
854,1405.341365,0.71,bb
855,1425.417671,0.78,bb
856,1425.417671,0.71,bb
857,1425.417671,0.78,bb
858,1425.417671,0.73,bb
859,1425.417671,0.78,bb
860,1445.493976,0.77,bb
861,1445.493976,0.77,bb
862,1445.493976,0.77,bb
863,1445.493976,0.68,bb
864,1445.493976,0.76,bb
865,1465.570281,0.79,bb
866,1465.570281,0.71,bb
867,1465.570281,0.73,bb
868,1465.570281,0.78,bb
869,1465.570281,0.79,bb
870,1485.646586,0.72,bb
871,1485.646586,0.77,bb
872,1485.646586,0.72,bb
873,1485.646586,0.68,bb
874,1485.646586,0.75,bb
875,1505.722892,0.76,bb
876,1505.722892,0.74,bb
877,1505.722892,0.75,bb
878,1505.722892,0.76,bb
879,1505.722892,0.72,bb
880,1525.799197,0.71,bb
881,1525.799197,0.74,bb
882,1525.799197,0.73,bb
883,1525.799197,0.77,bb
884,1525.799197,0.7,bb
885,1545.875502,0.72,bb
886,1545.875502,0.8,bb
887,1545.875502,0.74,bb
888,1545.875502,0.77,bb
889,1545.875502,0.71,bb
890,1565.951807,0.81,bb
891,1565.951807,0.73,bb
892,1565.951807,0.73,bb
893,1565.951807,0.8,bb
894,1565.951807,0.76,bb
895,1586.028112,0.72,bb
896,1586.028112,0.8,bb
897,1586.028112,0.68,bb
898,1586.028112,0.76,bb
899,1586.028112,0.81,bb
900,1606.104418,0.82,bb
901,1606.104418,0.76,bb
902,1606.104418,0.7,bb
903,1606.104418,0.82,bb
904,1606.104418,0.76,bb
905,1626.180723,0.75,bb
906,1626.180723,0.81,bb
907,1626.180723,0.75,bb
908,1626.180723,0.78,bb
909,1626.180723,0.8,bb
910,1646.257028,0.82,bb
911,1646.257028,0.72,bb
912,1646.257028,0.81,bb
913,1646.257028,0.77,bb
914,1646.257028,0.82,bb
915,1666.333333,0.8,bb
916,1666.333333,0.82,bb
917,1666.333333,0.83,bb
918,1666.333333,0.72,bb
919,1666.333333,0.82,bb
920,1686.409639,0.72,bb
921,1686.409639,0.8,bb
922,1686.409639,0.76,bb
923,1686.409639,0.76,bb
924,1686.409639,0.78,bb
925,1706.485944,0.82,bb
926,1706.485944,0.78,bb
927,1706.485944,0.8,bb
928,1706.485944,0.83,bb
929,1706.485944,0.79,bb
930,1726.562249,0.8,bb
931,1726.562249,0.84,bb
932,1726.562249,0.8,bb
933,1726.562249,0.81,bb
934,1726.562249,0.77,bb
935,1746.638554,0.81,bb
936,1746.638554,0.84,bb
937,1746.638554,0.82,bb
938,1746.638554,0.76,bb
939,1746.638554,0.77,bb
940,1766.714859,0.78,bb
941,1766.714859,0.81,bb
942,1766.714859,0.78,bb
943,1766.714859,0.81,bb
944,1766.714859,0.75,bb
945,1786.791165,0.82,bb
946,1786.791165,0.8,bb
947,1786.791165,0.82,bb
948,1786.791165,0.84,bb
949,1786.791165,0.77,bb
950,1806.86747,0.84,bb
951,1806.86747,0.76,bb
952,1806.86747,0.77,bb
953,1806.86747,0.85,bb
954,1806.86747,0.85,bb
955,1826.943775,0.84,bb
956,1826.943775,0.85,bb
957,1826.943775,0.79,bb
958,1826.943775,0.84,bb
959,1826.943775,0.81,bb
960,1847.02008,0.85,bb
961,1847.02008,0.79,bb
962,1847.02008,0.79,bb
963,1847.02008,0.84,bb
964,1847.02008,0.84,bb
965,1867.096386,0.8,bb
966,1867.096386,0.84,bb
967,1867.096386,0.8,bb
968,1867.096386,0.83,bb
969,1867.096386,0.75,bb
970,1887.172691,0.86,bb
971,1887.172691,0.86,bb
972,1887.172691,0.82,bb
973,1887.172691,0.85,bb
974,1887.172691,0.8,bb
975,1907.248996,0.83,bb
976,1907.248996,0.75,bb
977,1907.248996,0.77,bb
978,1907.248996,0.79,bb
979,1907.248996,0.86,bb
980,1927.325301,0.86,bb
981,1927.325301,0.77,bb
982,1927.325301,0.84,bb
983,1927.325301,0.86,bb
984,1927.325301,0.86,bb
985,1947.401606,0.86,bb
986,1947.401606,0.86,bb
987,1947.401606,0.86,bb
988,1947.401606,0.84,bb
989,1947.401606,0.84,bb
990,1967.477912,0.85,bb
991,1967.477912,0.87,bb
992,1967.477912,0.85,bb
993,1967.477912,0.86,bb
994,1967.477912,0.84,bb
995,1987.554217,0.83,bb
996,1987.554217,0.86,bb
997,1987.554217,0.87,bb
998,1987.554217,0.8,bb
999,1987.554217,0.81,bb
1000,2007.630522,0.8,bb
1001,2007.630522,0.82,bb
1002,2007.630522,0.77,bb
1003,2007.630522,0.84,bb
1004,2007.630522,0.83,bb
1005,2027.706827,0.84,bb
1006,2027.706827,0.86,bb
1007,2027.706827,0.85,bb
1008,2027.706827,0.86,bb
1009,2027.706827,0.76,bb
1010,2047.783133,0.82,bb
1011,2047.783133,0.87,bb
1012,2047.783133,0.86,bb
1013,2047.783133,0.83,bb
1014,2047.783133,0.84,bb
1015,2067.859438,0.82,bb
1016,2067.859438,0.87,bb
1017,2067.859438,0.85,bb
1018,2067.859438,0.84,bb
1019,2067.859438,0.86,bb
1020,2087.935743,0.85,bb
1021,2087.935743,0.8,bb
1022,2087.935743,0.85,bb
1023,2087.935743,0.86,bb
1024,2087.935743,0.83,bb
1025,2108.012048,0.84,bb
1026,2108.012048,0.78,bb
1027,2108.012048,0.86,bb
1028,2108.012048,0.81,bb
1029,2108.012048,0.84,bb
1030,2128.088353,0.88,bb
1031,2128.088353,0.86,bb
1032,2128.088353,0.81,bb
1033,2128.088353,0.87,bb
1034,2128.088353,0.78,bb
1035,2148.164659,0.85,bb
1036,2148.164659,0.84,bb
1037,2148.164659,0.83,bb
1038,2148.164659,0.89,bb
1039,2148.164659,0.82,bb
1040,2168.240964,0.89,bb
1041,2168.240964,0.83,bb
1042,2168.240964,0.87,bb
1043,2168.240964,0.79,bb
1044,2168.240964,0.89,bb
1045,2188.317269,0.8,bb
1046,2188.317269,0.87,bb
1047,2188.317269,0.88,bb
1048,2188.317269,0.84,bb
1049,2188.317269,0.88,bb
1050,2208.393574,0.84,bb
1051,2208.393574,0.8,bb
1052,2208.393574,0.82,bb
1053,2208.393574,0.89,bb
1054,2208.393574,0.89,bb
1055,2228.46988,0.86,bb
1056,2228.46988,0.84,bb
1057,2228.46988,0.84,bb
1058,2228.46988,0.87,bb
1059,2228.46988,0.85,bb
1060,2248.546185,0.87,bb
1061,2248.546185,0.84,bb
1062,2248.546185,0.86,bb
1063,2248.546185,0.87,bb
1064,2248.546185,0.87,bb
1065,2268.62249,0.81,bb
1066,2268.62249,0.89,bb
1067,2268.62249,0.84,bb
1068,2268.62249,0.83,bb
1069,2268.62249,0.88,bb
1070,2288.698795,0.86,bb
1071,2288.698795,0.83,bb
1072,2288.698795,0.84,bb
1073,2288.698795,0.9,bb
1074,2288.698795,0.87,bb
1075,2308.7751,0.89,bb
1076,2308.7751,0.91,bb
1077,2308.7751,0.87,bb
1078,2308.7751,0.89,bb
1079,2308.7751,0.81,bb
1080,2328.851406,0.9,bb
1081,2328.851406,0.85,bb
1082,2328.851406,0.9,bb
1083,2328.851406,0.84,bb
1084,2328.851406,0.82,bb
1085,2348.927711,0.81,bb
1086,2348.927711,0.83,bb
1087,2348.927711,0.87,bb
1088,2348.927711,0.87,bb
1089,2348.927711,0.8,bb
1090,2369.004016,0.89,bb
1091,2369.004016,0.9,bb
1092,2369.004016,0.9,bb
1093,2369.004016,0.8,bb
1094,2369.004016,0.87,bb
1095,2389.080321,0.82,bb
1096,2389.080321,0.86,bb
1097,2389.080321,0.86,bb
1098,2389.080321,0.87,bb
1099,2389.080321,0.85,bb
1100,2409.156627,0.91,bb
1101,2409.156627,0.9,bb
1102,2409.156627,0.89,bb
1103,2409.156627,0.81,bb
1104,2409.156627,0.86,bb
1105,2429.232932,0.86,bb
1106,2429.232932,0.8,bb
1107,2429.232932,0.9,bb
1108,2429.232932,0.81,bb
1109,2429.232932,0.83,bb
1110,2449.309237,0.91,bb
1111,2449.309237,0.85,bb
1112,2449.309237,0.9,bb
1113,2449.309237,0.87,bb
1114,2449.309237,0.89,bb
1115,2469.385542,0.88,bb
1116,2469.385542,0.91,bb
1117,2469.385542,0.91,bb
1118,2469.385542,0.89,bb
1119,2469.385542,0.84,bb
1120,2489.461847,0.84,bb
1121,2489.461847,0.86,bb
1122,2489.461847,0.81,bb
1123,2489.461847,0.88,bb
1124,2489.461847,0.89,bb
1125,2509.538153,0.81,bb
1126,2509.538153,0.91,bb
1127,2509.538153,0.89,bb
1128,2509.538153,0.83,bb
1129,2509.538153,0.89,bb
1130,2529.614458,0.85,bb
1131,2529.614458,0.9,bb
1132,2529.614458,0.87,bb
1133,2529.614458,0.85,bb
1134,2529.614458,0.88,bb
1135,2549.690763,0.89,bb
1136,2549.690763,0.82,bb
1137,2549.690763,0.8,bb
1138,2549.690763,0.87,bb
1139,2549.690763,0.87,bb
1140,2569.767068,0.91,bb
1141,2569.767068,0.86,bb
1142,2569.767068,0.91,bb
1143,2569.767068,0.84,bb
1144,2569.767068,0.87,bb
1145,2589.843373,0.89,bb
1146,2589.843373,0.9,bb
1147,2589.843373,0.81,bb
1148,2589.843373,0.88,bb
1149,2589.843373,0.79,bb
1150,2609.919679,0.91,bb
1151,2609.919679,0.88,bb
1152,2609.919679,0.89,bb
1153,2609.919679,0.9,bb
1154,2609.919679,0.92,bb
1155,2629.995984,0.81,bb
1156,2629.995984,0.89,bb
1157,2629.995984,0.86,bb
1158,2629.995984,0.83,bb
1159,2629.995984,0.88,bb
1160,2650.072289,0.86,bb
1161,2650.072289,0.87,bb
1162,2650.072289,0.91,bb
1163,2650.072289,0.86,bb
1164,2650.072289,0.91,bb
1165,2670.148594,0.89,bb
1166,2670.148594,0.88,bb
1167,2670.148594,0.92,bb
1168,2670.148594,0.92,bb
1169,2670.148594,0.87,bb
1170,2690.2249,0.84,bb
1171,2690.2249,0.86,bb
1172,2690.2249,0.84,bb
1173,2690.2249,0.9,bb
1174,2690.2249,0.89,bb
1175,2710.301205,0.89,bb
1176,2710.301205,0.83,bb
1177,2710.301205,0.88,bb
1178,2710.301205,0.87,bb
1179,2710.301205,0.85,bb
1180,2730.37751,0.92,bb
1181,2730.37751,0.91,bb
1182,2730.37751,0.92,bb
1183,2730.37751,0.9,bb
1184,2730.37751,0.84,bb
1185,2750.453815,0.91,bb
1186,2750.453815,0.92,bb
1187,2750.453815,0.92,bb
1188,2750.453815,0.84,bb
1189,2750.453815,0.92,bb
1190,2770.53012,0.89,bb
1191,2770.53012,0.87,bb
1192,2770.53012,0.85,bb
1193,2770.53012,0.92,bb
1194,2770.53012,0.91,bb
1195,2790.606426,0.88,bb
1196,2790.606426,0.8,bb
1197,2790.606426,0.91,bb
1198,2790.606426,0.88,bb
1199,2790.606426,0.83,bb
1200,2810.682731,0.84,bb
1201,2810.682731,0.86,bb
1202,2810.682731,0.92,bb
1203,2810.682731,0.92,bb
1204,2810.682731,0.91,bb
1205,2830.759036,0.86,bb
1206,2830.759036,0.88,bb
1207,2830.759036,0.86,bb
1208,2830.759036,0.92,bb
1209,2830.759036,0.92,bb
1210,2850.835341,0.86,bb
1211,2850.835341,0.81,bb
1212,2850.835341,0.82,bb
1213,2850.835341,0.87,bb
1214,2850.835341,0.9,bb
1215,2870.911647,0.85,bb
1216,2870.911647,0.92,bb
1217,2870.911647,0.84,bb
1218,2870.911647,0.87,bb
1219,2870.911647,0.89,bb
1220,2890.987952,0.9,bb
1221,2890.987952,0.87,bb
1222,2890.987952,0.9,bb
1223,2890.987952,0.88,bb
1224,2890.987952,0.88,bb
1225,2911.064257,0.88,bb
1226,2911.064257,0.91,bb
1227,2911.064257,0.85,bb
1228,2911.064257,0.89,bb
1229,2911.064257,0.88,bb
1230,2931.140562,0.88,bb
1231,2931.140562,0.91,bb
1232,2931.140562,0.89,bb
1233,2931.140562,0.79,bb
1234,2931.140562,0.92,bb
1235,2951.216867,0.82,bb
1236,2951.216867,0.87,bb
1237,2951.216867,0.93,bb
1238,2951.216867,0.92,bb
1239,2951.216867,0.93,bb
1240,2971.293173,0.92,bb
1241,2971.293173,0.93,bb
1242,2971.293173,0.93,bb
1243,2971.293173,0.93,bb
1244,2971.293173,0.85,bb
1245,2991.369478,0.81,bb
1246,2991.369478,0.93,bb
1247,2991.369478,0.93,bb
1248,2991.369478,0.83,bb
1249,2991.369478,0.85,bb
1250,3011.445783,0.9,bb
1251,3011.445783,0.84,bb
1252,3011.445783,0.91,bb
1253,3011.445783,0.9,bb
1254,3011.445783,0.91,bb
1255,3031.522088,0.88,bb
1256,3031.522088,0.87,bb
1257,3031.522088,0.85,bb
1258,3031.522088,0.82,bb
1259,3031.522088,0.89,bb
1260,3051.598394,0.92,bb
1261,3051.598394,0.91,bb
1262,3051.598394,0.8,bb
1263,3051.598394,0.93,bb
1264,3051.598394,0.84,bb
1265,3071.674699,0.92,bb
1266,3071.674699,0.88,bb
1267,3071.674699,0.93,bb
1268,3071.674699,0.89,bb
1269,3071.674699,0.86,bb
1270,3091.751004,0.84,bb
1271,3091.751004,0.89,bb
1272,3091.751004,0.88,bb
1273,3091.751004,0.92,bb
1274,3091.751004,0.82,bb
1275,3111.827309,0.93,bb
1276,3111.827309,0.81,bb
1277,3111.827309,0.89,bb
1278,3111.827309,0.9,bb
1279,3111.827309,0.91,bb
1280,3131.903614,0.86,bb
1281,3131.903614,0.9,bb
1282,3131.903614,0.9,bb
1283,3131.903614,0.9,bb
1284,3131.903614,0.89,bb
1285,3151.97992,0.86,bb
1286,3151.97992,0.87,bb
1287,3151.97992,0.9,bb
1288,3151.97992,0.92,bb
1289,3151.97992,0.83,bb
1290,3172.056225,0.92,bb
1291,3172.056225,0.87,bb
1292,3172.056225,0.82,bb
1293,3172.056225,0.88,bb
1294,3172.056225,0.84,bb
1295,3192.13253,0.91,bb
1296,3192.13253,0.84,bb
1297,3192.13253,0.93,bb
1298,3192.13253,0.89,bb
1299,3192.13253,0.9,bb
1300,3212.208835,0.93,bb
1301,3212.208835,0.9,bb
1302,3212.208835,0.9,bb
1303,3212.208835,0.93,bb
1304,3212.208835,0.84,bb
1305,3232.285141,0.88,bb
1306,3232.285141,0.93,bb
1307,3232.285141,0.85,bb
1308,3232.285141,0.9,bb
1309,3232.285141,0.92,bb
1310,3252.361446,0.86,bb
1311,3252.361446,0.86,bb
1312,3252.361446,0.88,bb
1313,3252.361446,0.89,bb
1314,3252.361446,0.85,bb
1315,3272.437751,0.86,bb
1316,3272.437751,0.89,bb
1317,3272.437751,0.83,bb
1318,3272.437751,0.93,bb
1319,3272.437751,0.93,bb
1320,3292.514056,0.94,bb
1321,3292.514056,0.93,bb
1322,3292.514056,0.88,bb
1323,3292.514056,0.91,bb
1324,3292.514056,0.83,bb
1325,3312.590361,0.86,bb
1326,3312.590361,0.92,bb
1327,3312.590361,0.86,bb
1328,3312.590361,0.92,bb
1329,3312.590361,0.87,bb
1330,3332.666667,0.86,bb
1331,3332.666667,0.91,bb
1332,3332.666667,0.84,bb
1333,3332.666667,0.88,bb
1334,3332.666667,0.91,bb
1335,3352.742972,0.9,bb
1336,3352.742972,0.94,bb
1337,3352.742972,0.88,bb
1338,3352.742972,0.92,bb
1339,3352.742972,0.88,bb
1340,3372.819277,0.9,bb
1341,3372.819277,0.9,bb
1342,3372.819277,0.86,bb
1343,3372.819277,0.89,bb
1344,3372.819277,0.87,bb
1345,3392.895582,0.9,bb
1346,3392.895582,0.91,bb
1347,3392.895582,0.93,bb
1348,3392.895582,0.94,bb
1349,3392.895582,0.9,bb
1350,3412.971888,0.89,bb
1351,3412.971888,0.88,bb
1352,3412.971888,0.87,bb
1353,3412.971888,0.94,bb
1354,3412.971888,0.86,bb
1355,3433.048193,0.92,bb
1356,3433.048193,0.86,bb
1357,3433.048193,0.83,bb
1358,3433.048193,0.89,bb
1359,3433.048193,0.91,bb
1360,3453.124498,0.89,bb
1361,3453.124498,0.88,bb
1362,3453.124498,0.95,bb
1363,3453.124498,0.91,bb
1364,3453.124498,0.88,bb
1365,3473.200803,0.91,bb
1366,3473.200803,0.94,bb
1367,3473.200803,0.91,bb
1368,3473.200803,0.93,bb
1369,3473.200803,0.84,bb
1370,3493.277108,0.89,bb
1371,3493.277108,0.92,bb
1372,3493.277108,0.86,bb
1373,3493.277108,0.94,bb
1374,3493.277108,0.91,bb
1375,3513.353414,0.84,bb
1376,3513.353414,0.83,bb
1377,3513.353414,0.9,bb
1378,3513.353414,0.92,bb
1379,3513.353414,0.89,bb
1380,3533.429719,0.95,bb
1381,3533.429719,0.85,bb
1382,3533.429719,0.9,bb
1383,3533.429719,0.94,bb
1384,3533.429719,0.88,bb
1385,3553.506024,0.9,bb
1386,3553.506024,0.95,bb
1387,3553.506024,0.89,bb
1388,3553.506024,0.92,bb
1389,3553.506024,0.93,bb
1390,3573.582329,0.95,bb
1391,3573.582329,0.84,bb
1392,3573.582329,0.93,bb
1393,3573.582329,0.82,bb
1394,3573.582329,0.93,bb
1395,3593.658635,0.91,bb
1396,3593.658635,0.92,bb
1397,3593.658635,0.92,bb
1398,3593.658635,0.94,bb
1399,3593.658635,0.91,bb
1400,3613.73494,0.94,bb
1401,3613.73494,0.95,bb
1402,3613.73494,0.9,bb
1403,3613.73494,0.92,bb
1404,3613.73494,0.89,bb
1405,3633.811245,0.91,bb
1406,3633.811245,0.89,bb
1407,3633.811245,0.95,bb
1408,3633.811245,0.89,bb
1409,3633.811245,0.95,bb
1410,3653.88755,0.95,bb
1411,3653.88755,0.95,bb
1412,3653.88755,0.85,bb
1413,3653.88755,0.91,bb
1414,3653.88755,0.95,bb
1415,3673.963855,0.93,bb
1416,3673.963855,0.91,bb
1417,3673.963855,0.95,bb
1418,3673.963855,0.83,bb
1419,3673.963855,0.93,bb
1420,3694.040161,0.91,bb
1421,3694.040161,0.88,bb
1422,3694.040161,0.91,bb
1423,3694.040161,0.87,bb
1424,3694.040161,0.88,bb
1425,3714.116466,0.95,bb
1426,3714.116466,0.89,bb
1427,3714.116466,0.93,bb
1428,3714.116466,0.9,bb
1429,3714.116466,0.87,bb
1430,3734.192771,0.88,bb
1431,3734.192771,0.86,bb
1432,3734.192771,0.96,bb
1433,3734.192771,0.9,bb
1434,3734.192771,0.91,bb
1435,3754.269076,0.96,bb
1436,3754.269076,0.96,bb
1437,3754.269076,0.92,bb
1438,3754.269076,0.95,bb
1439,3754.269076,0.9,bb
1440,3774.345382,0.89,bb
1441,3774.345382,0.93,bb
1442,3774.345382,0.88,bb
1443,3774.345382,0.95,bb
1444,3774.345382,0.92,bb
1445,3794.421687,0.86,bb
1446,3794.421687,0.88,bb
1447,3794.421687,0.91,bb
1448,3794.421687,0.96,bb
1449,3794.421687,0.95,bb
1450,3814.497992,0.96,bb
1451,3814.497992,0.89,bb
1452,3814.497992,0.94,bb
1453,3814.497992,0.92,bb
1454,3814.497992,0.95,bb
1455,3834.574297,0.83,bb
1456,3834.574297,0.96,bb
1457,3834.574297,0.91,bb
1458,3834.574297,0.89,bb
1459,3834.574297,0.91,bb
1460,3854.650602,0.86,bb
1461,3854.650602,0.92,bb
1462,3854.650602,0.94,bb
1463,3854.650602,0.88,bb
1464,3854.650602,0.91,bb
1465,3874.726908,0.95,bb
1466,3874.726908,0.95,bb
1467,3874.726908,0.92,bb
1468,3874.726908,0.93,bb
1469,3874.726908,0.94,bb
1470,3894.803213,0.96,bb
1471,3894.803213,0.92,bb
1472,3894.803213,0.96,bb
1473,3894.803213,0.89,bb
1474,3894.803213,0.88,bb
1475,3914.879518,0.95,bb
1476,3914.879518,0.96,bb
1477,3914.879518,0.91,bb
1478,3914.879518,0.97,bb
1479,3914.879518,0.91,bb
1480,3934.955823,0.93,bb
1481,3934.955823,0.97,bb
1482,3934.955823,0.92,bb
1483,3934.955823,0.94,bb
1484,3934.955823,0.88,bb
1485,3955.032129,0.95,bb
1486,3955.032129,0.97,bb
1487,3955.032129,0.88,bb
1488,3955.032129,0.88,bb
1489,3955.032129,0.87,bb
1490,3975.108434,0.95,bb
1491,3975.108434,0.95,bb
1492,3975.108434,0.96,bb
1493,3975.108434,0.96,bb
1494,3975.108434,0.9,bb
1495,3995.184739,0.87,bb
1496,3995.184739,0.96,bb
1497,3995.184739,0.92,bb
1498,3995.184739,0.94,bb
1499,3995.184739,0.95,bb
1500,4015.261044,0.96,bb
1501,4015.261044,0.92,bb
1502,4015.261044,0.96,bb
1503,4015.261044,0.96,bb
1504,4015.261044,0.87,bb
1505,4035.337349,0.91,bb
1506,4035.337349,0.93,bb
1507,4035.337349,0.93,bb
1508,4035.337349,0.95,bb
1509,4035.337349,0.92,bb
1510,4055.413655,0.97,bb
1511,4055.413655,0.95,bb
1512,4055.413655,0.88,bb
1513,4055.413655,0.88,bb
1514,4055.413655,0.96,bb
1515,4075.48996,0.85,bb
1516,4075.48996,0.9,bb
1517,4075.48996,0.89,bb
1518,4075.48996,0.88,bb
1519,4075.48996,0.86,bb
1520,4095.566265,0.91,bb
1521,4095.566265,0.89,bb
1522,4095.566265,0.94,bb
1523,4095.566265,0.92,bb
1524,4095.566265,0.92,bb
1525,4115.64257,0.87,bb
1526,4115.64257,0.95,bb
1527,4115.64257,0.91,bb
1528,4115.64257,0.95,bb
1529,4115.64257,0.95,bb
1530,4135.718876,0.97,bb
1531,4135.718876,0.91,bb
1532,4135.718876,0.94,bb
1533,4135.718876,0.95,bb
1534,4135.718876,0.9,bb
1535,4155.795181,0.97,bb
1536,4155.795181,0.96,bb
1537,4155.795181,0.93,bb
1538,4155.795181,0.92,bb
1539,4155.795181,0.92,bb
1540,4175.871486,0.98,bb
1541,4175.871486,0.88,bb
1542,4175.871486,0.94,bb
1543,4175.871486,0.97,bb
1544,4175.871486,0.96,bb
1545,4195.947791,0.97,bb
1546,4195.947791,0.94,bb
1547,4195.947791,0.94,bb
1548,4195.947791,0.97,bb
1549,4195.947791,0.92,bb
1550,4216.024096,0.96,bb
1551,4216.024096,0.98,bb
1552,4216.024096,0.97,bb
1553,4216.024096,0.97,bb
1554,4216.024096,0.87,bb
1555,4236.100402,0.94,bb
1556,4236.100402,0.93,bb
1557,4236.100402,0.95,bb
1558,4236.100402,0.97,bb
1559,4236.100402,0.96,bb
1560,4256.176707,0.94,bb
1561,4256.176707,0.93,bb
1562,4256.176707,0.93,bb
1563,4256.176707,0.96,bb
1564,4256.176707,0.92,bb
1565,4276.253012,0.96,bb
1566,4276.253012,0.94,bb
1567,4276.253012,0.91,bb
1568,4276.253012,0.85,bb
1569,4276.253012,0.96,bb
1570,4296.329317,0.98,bb
1571,4296.329317,0.91,bb
1572,4296.329317,0.88,bb
1573,4296.329317,0.89,bb
1574,4296.329317,0.9,bb
1575,4316.405622,0.95,bb
1576,4316.405622,0.94,bb
1577,4316.405622,0.96,bb
1578,4316.405622,0.97,bb
1579,4316.405622,0.87,bb
1580,4336.481928,0.96,bb
1581,4336.481928,0.95,bb
1582,4336.481928,0.88,bb
1583,4336.481928,0.9,bb
1584,4336.481928,0.94,bb
1585,4356.558233,0.95,bb
1586,4356.558233,0.96,bb
1587,4356.558233,0.89,bb
1588,4356.558233,0.97,bb
1589,4356.558233,0.96,bb
1590,4376.634538,0.88,bb
1591,4376.634538,0.97,bb
1592,4376.634538,0.98,bb
1593,4376.634538,0.91,bb
1594,4376.634538,0.88,bb
1595,4396.710843,0.92,bb
1596,4396.710843,0.94,bb
1597,4396.710843,0.95,bb
1598,4396.710843,0.94,bb
1599,4396.710843,0.87,bb
1600,4416.787149,0.91,bb
1601,4416.787149,0.95,bb
1602,4416.787149,0.91,bb
1603,4416.787149,0.9,bb
1604,4416.787149,0.94,bb
1605,4436.863454,0.95,bb
1606,4436.863454,0.95,bb
1607,4436.863454,0.92,bb
1608,4436.863454,0.87,bb
1609,4436.863454,0.98,bb
1610,4456.939759,0.98,bb
1611,4456.939759,0.96,bb
1612,4456.939759,0.97,bb
1613,4456.939759,0.9,bb
1614,4456.939759,0.95,bb
1615,4477.016064,0.97,bb
1616,4477.016064,0.86,bb
1617,4477.016064,0.96,bb
1618,4477.016064,0.93,bb
1619,4477.016064,0.96,bb
1620,4497.092369,0.98,bb
1621,4497.092369,0.98,bb
1622,4497.092369,0.99,bb
1623,4497.092369,0.89,bb
1624,4497.092369,0.94,bb
1625,4517.168675,0.95,bb
1626,4517.168675,0.91,bb
1627,4517.168675,0.95,bb
1628,4517.168675,0.91,bb
1629,4517.168675,0.9,bb
1630,4537.24498,0.93,bb
1631,4537.24498,0.93,bb
1632,4537.24498,0.9,bb
1633,4537.24498,0.94,bb
1634,4537.24498,0.93,bb
1635,4557.321285,0.92,bb
1636,4557.321285,0.9,bb
1637,4557.321285,0.99,bb
1638,4557.321285,0.97,bb
1639,4557.321285,0.89,bb
1640,4577.39759,0.91,bb
1641,4577.39759,0.98,bb
1642,4577.39759,0.98,bb
1643,4577.39759,0.92,bb
1644,4577.39759,0.96,bb
1645,4597.473896,0.87,bb
1646,4597.473896,0.92,bb
1647,4597.473896,0.98,bb
1648,4597.473896,0.97,bb
1649,4597.473896,0.95,bb
1650,4617.550201,0.95,bb
1651,4617.550201,0.97,bb
1652,4617.550201,0.93,bb
1653,4617.550201,0.98,bb
1654,4617.550201,0.98,bb
1655,4637.626506,0.95,bb
1656,4637.626506,0.95,bb
1657,4637.626506,0.91,bb
1658,4637.626506,0.89,bb
1659,4637.626506,0.96,bb
1660,4657.702811,0.93,bb
1661,4657.702811,0.94,bb
1662,4657.702811,0.95,bb
1663,4657.702811,0.94,bb
1664,4657.702811,0.95,bb
1665,4677.779116,0.98,bb
1666,4677.779116,0.94,bb
1667,4677.779116,0.99,bb
1668,4677.779116,0.93,bb
1669,4677.779116,0.98,bb
1670,4697.855422,0.96,bb
1671,4697.855422,0.89,bb
1672,4697.855422,0.98,bb
1673,4697.855422,0.95,bb
1674,4697.855422,0.98,bb
1675,4717.931727,0.92,bb
1676,4717.931727,0.98,bb
1677,4717.931727,0.96,bb
1678,4717.931727,0.98,bb
1679,4717.931727,0.97,bb
1680,4738.008032,0.98,bb
1681,4738.008032,0.95,bb
1682,4738.008032,0.98,bb
1683,4738.008032,0.87,bb
1684,4738.008032,0.95,bb
1685,4758.084337,0.97,bb
1686,4758.084337,0.95,bb
1687,4758.084337,0.92,bb
1688,4758.084337,0.88,bb
1689,4758.084337,0.92,bb
1690,4778.160643,0.98,bb
1691,4778.160643,0.97,bb
1692,4778.160643,0.95,bb
1693,4778.160643,0.95,bb
1694,4778.160643,0.92,bb
1695,4798.236948,0.95,bb
1696,4798.236948,0.86,bb
1697,4798.236948,0.9,bb
1698,4798.236948,0.89,bb
1699,4798.236948,0.87,bb
1700,4818.313253,0.94,bb
1701,4818.313253,0.89,bb
1702,4818.313253,0.98,bb
1703,4818.313253,0.92,bb
1704,4818.313253,0.99,bb
1705,4838.389558,0.95,bb
1706,4838.389558,0.9,bb
1707,4838.389558,0.88,bb
1708,4838.389558,0.95,bb
1709,4838.389558,0.94,bb
1710,4858.465863,0.95,bb
1711,4858.465863,0.93,bb
1712,4858.465863,0.98,bb
1713,4858.465863,0.92,bb
1714,4858.465863,0.93,bb
1715,4878.542169,0.94,bb
1716,4878.542169,0.91,bb
1717,4878.542169,0.9,bb
1718,4878.542169,0.94,bb
1719,4878.542169,0.96,bb
1720,4898.618474,0.9,bb
1721,4898.618474,0.85,bb
1722,4898.618474,0.89,bb
1723,4898.618474,0.9,bb
1724,4898.618474,0.89,bb
1725,4918.694779,0.94,bb
1726,4918.694779,0.99,bb
1727,4918.694779,0.95,bb
1728,4918.694779,0.96,bb
1729,4918.694779,0.92,bb
1730,4938.771084,0.9,bb
1731,4938.771084,0.94,bb
1732,4938.771084,0.98,bb
1733,4938.771084,0.93,bb
1734,4938.771084,0.94,bb
1735,4958.84739,0.99,bb
1736,4958.84739,0.92,bb
1737,4958.84739,0.97,bb
1738,4958.84739,0.93,bb
1739,4958.84739,0.95,bb
1740,4978.923695,0.97,bb
1741,4978.923695,0.91,bb
1742,4978.923695,0.93,bb
1743,4978.923695,0.87,bb
1744,4978.923695,0.93,bb
1745,4999,0.96,bb
1746,4999,0.99,bb
1747,4999,0.95,bb
1748,4999,0.97,bb
1749,4999,0.99,bb
1750,3000,0.27,final
1751,3000,0.23,final
1752,3000,0.2,final
1753,3000,0.27,final
1754,3000,0.26,final
1755,3020,0.31,final
1756,3020,0.28,final
1757,3020,0.24,final
1758,3020,0.34,final
1759,3020,0.27,final
1760,3040,0.38,final
1761,3040,0.34,final
1762,3040,0.39,final
1763,3040,0.33,final
1764,3040,0.32,final
1765,3060,0.32,final
1766,3060,0.3,final
1767,3060,0.4,final
1768,3060,0.43,final
1769,3060,0.35,final
1770,3080,0.4,final
1771,3080,0.37,final
1772,3080,0.36,final
1773,3080,0.39,final
1774,3080,0.38,final
1775,3100,0.45,final
1776,3100,0.49,final
1777,3100,0.46,final
1778,3100,0.44,final
1779,3100,0.44,final
1780,3120,0.45,final
1781,3120,0.53,final
1782,3120,0.51,final
1783,3120,0.48,final
1784,3120,0.48,final
1785,3140,0.43,final
1786,3140,0.49,final
1787,3140,0.51,final
1788,3140,0.45,final
1789,3140,0.41,final
1790,3160,0.55,final
1791,3160,0.5,final
1792,3160,0.55,final
1793,3160,0.49,final
1794,3160,0.54,final
1795,3180,0.49,final
1796,3180,0.57,final
1797,3180,0.59,final
1798,3180,0.55,final
1799,3180,0.55,final
1800,3200,0.53,final
1801,3200,0.62,final
1802,3200,0.6,final
1803,3200,0.58,final
1804,3200,0.6,final
1805,3220,0.57,final
1806,3220,0.52,final
1807,3220,0.62,final
1808,3220,0.52,final
1809,3220,0.61,final
1810,3240,0.57,final
1811,3240,0.6,final
1812,3240,0.63,final
1813,3240,0.61,final
1814,3240,0.6,final
1815,3260,0.63,final
1816,3260,0.64,final
1817,3260,0.51,final
1818,3260,0.6,final
1819,3260,0.65,final
1820,3280,0.66,final
1821,3280,0.66,final
1822,3280,0.67,final
1823,3280,0.65,final
1824,3280,0.65,final
1825,3300,0.56,final
1826,3300,0.56,final
1827,3300,0.64,final
1828,3300,0.61,final
1829,3300,0.61,final
1830,3320,0.59,final
1831,3320,0.68,final
1832,3320,0.67,final
1833,3320,0.69,final
1834,3320,0.69,final
1835,3340,0.55,final
1836,3340,0.69,final
1837,3340,0.6,final
1838,3340,0.65,final
1839,3340,0.57,final
1840,3360,0.67,final
1841,3360,0.67,final
1842,3360,0.57,final
1843,3360,0.7,final
1844,3360,0.66,final
1845,3380,0.7,final
1846,3380,0.61,final
1847,3380,0.68,final
1848,3380,0.7,final
1849,3380,0.63,final
1850,3400,0.71,final
1851,3400,0.63,final
1852,3400,0.66,final
1853,3400,0.69,final
1854,3400,0.71,final
1855,3420,0.64,final
1856,3420,0.71,final
1857,3420,0.72,final
1858,3420,0.59,final
1859,3420,0.69,final
1860,3440,0.63,final
1861,3440,0.69,final
1862,3440,0.67,final
1863,3440,0.66,final
1864,3440,0.72,final
1865,3460,0.73,final
1866,3460,0.69,final
1867,3460,0.71,final
1868,3460,0.73,final
1869,3460,0.66,final
1870,3480,0.73,final
1871,3480,0.67,final
1872,3480,0.68,final
1873,3480,0.71,final
1874,3480,0.68,final
1875,3500,0.71,final
1876,3500,0.72,final
1877,3500,0.65,final
1878,3500,0.73,final
1879,3500,0.66,final
1880,3520,0.69,final
1881,3520,0.7,final
1882,3520,0.69,final
1883,3520,0.71,final
1884,3520,0.69,final
1885,3540,0.68,final
1886,3540,0.75,final
1887,3540,0.69,final
1888,3540,0.7,final
1889,3540,0.75,final
1890,3560,0.71,final
1891,3560,0.66,final
1892,3560,0.66,final
1893,3560,0.74,final
1894,3560,0.67,final
1895,3580,0.71,final
1896,3580,0.73,final
1897,3580,0.74,final
1898,3580,0.71,final
1899,3580,0.74,final
1900,3600,0.68,final
1901,3600,0.62,final
1902,3600,0.75,final
1903,3600,0.72,final
1904,3600,0.67,final
1905,3620,0.71,final
1906,3620,0.77,final
1907,3620,0.73,final
1908,3620,0.75,final
1909,3620,0.74,final
1910,3640,0.73,final
1911,3640,0.73,final
1912,3640,0.77,final
1913,3640,0.75,final
1914,3640,0.77,final
1915,3660,0.64,final
1916,3660,0.64,final
1917,3660,0.72,final
1918,3660,0.67,final
1919,3660,0.77,final
1920,3680,0.73,final
1921,3680,0.71,final
1922,3680,0.77,final
1923,3680,0.72,final
1924,3680,0.73,final
1925,3700,0.68,final
1926,3700,0.75,final
1927,3700,0.73,final
1928,3700,0.74,final
1929,3700,0.65,final
1930,3720,0.75,final
1931,3720,0.68,final
1932,3720,0.73,final
1933,3720,0.77,final
1934,3720,0.64,final
1935,3740,0.73,final
1936,3740,0.71,final
1937,3740,0.69,final
1938,3740,0.77,final
1939,3740,0.71,final
1940,3760,0.72,final
1941,3760,0.64,final
1942,3760,0.73,final
1943,3760,0.76,final
1944,3760,0.69,final
1945,3780,0.74,final
1946,3780,0.74,final
1947,3780,0.77,final
1948,3780,0.68,final
1949,3780,0.68,final
1950,3800,0.76,final
1951,3800,0.76,final
1952,3800,0.77,final
1953,3800,0.72,final
1954,3800,0.72,final
1955,3820,0.77,final
1956,3820,0.74,final
1957,3820,0.76,final
1958,3820,0.71,final
1959,3820,0.64,final
1960,3840,0.73,final
1961,3840,0.75,final
1962,3840,0.71,final
1963,3840,0.74,final
1964,3840,0.78,final
1965,3860,0.7,final
1966,3860,0.73,final
1967,3860,0.77,final
1968,3860,0.78,final
1969,3860,0.76,final
1970,3880,0.78,final
1971,3880,0.74,final
1972,3880,0.68,final
1973,3880,0.77,final
1974,3880,0.79,final
1975,3900,0.77,final
1976,3900,0.78,final
1977,3900,0.77,final
1978,3900,0.69,final
1979,3900,0.74,final
1980,3920,0.78,final
1981,3920,0.79,final
1982,3920,0.73,final
1983,3920,0.74,final
1984,3920,0.72,final
1985,3940,0.77,final
1986,3940,0.78,final
1987,3940,0.75,final
1988,3940,0.78,final
1989,3940,0.72,final
1990,3960,0.67,final
1991,3960,0.74,final
1992,3960,0.75,final
1993,3960,0.65,final
1994,3960,0.75,final
1995,3980,0.75,final
1996,3980,0.75,final
1997,3980,0.74,final
1998,3980,0.77,final
1999,3980,0.64,final
2000,4000,0.69,final
2001,4000,0.76,final
2002,4000,0.76,final
2003,4000,0.71,final
2004,4000,0.78,final
2005,4020,0.78,final
2006,4020,0.69,final
2007,4020,0.79,final
2008,4020,0.72,final
2009,4020,0.71,final
2010,4040,0.79,final
2011,4040,0.76,final
2012,4040,0.75,final
2013,4040,0.8,final
2014,4040,0.67,final
2015,4060,0.79,final
2016,4060,0.81,final
2017,4060,0.72,final
2018,4060,0.81,final
2019,4060,0.73,final
2020,4080,0.74,final
2021,4080,0.79,final
2022,4080,0.76,final
2023,4080,0.82,final
2024,4080,0.82,final
2025,4100,0.71,final
2026,4100,0.78,final
2027,4100,0.72,final
2028,4100,0.83,final
2029,4100,0.85,final
2030,4120,0.82,final
2031,4120,0.78,final
2032,4120,0.83,final
2033,4120,0.74,final
2034,4120,0.82,final
2035,4140,0.86,final
2036,4140,0.84,final
2037,4140,0.81,final
2038,4140,0.86,final
2039,4140,0.85,final
2040,4160,0.77,final
2041,4160,0.87,final
2042,4160,0.77,final
2043,4160,0.86,final
2044,4160,0.78,final
2045,4180,0.77,final
2046,4180,0.89,final
2047,4180,0.85,final
2048,4180,0.82,final
2049,4180,0.86,final
2050,4200,0.83,final
2051,4200,0.78,final
2052,4200,0.8,final
2053,4200,0.81,final
2054,4200,0.89,final
2055,4220,0.83,final
2056,4220,0.85,final
2057,4220,0.84,final
2058,4220,0.85,final
2059,4220,0.8,final
2060,4240,0.78,final
2061,4240,0.87,final
2062,4240,0.79,final
2063,4240,0.9,final
2064,4240,0.84,final
2065,4260,0.88,final
2066,4260,0.82,final
2067,4260,0.87,final
2068,4260,0.91,final
2069,4260,0.86,final
2070,4280,0.84,final
2071,4280,0.86,final
2072,4280,0.88,final
2073,4280,0.88,final
2074,4280,0.81,final
2075,4300,0.84,final
2076,4300,0.87,final
2077,4300,0.92,final
2078,4300,0.86,final
2079,4300,0.81,final
2080,4320,0.85,final
2081,4320,0.84,final
2082,4320,0.93,final
2083,4320,0.87,final
2084,4320,0.9,final
2085,4340,0.91,final
2086,4340,0.93,final
2087,4340,0.9,final
2088,4340,0.92,final
2089,4340,0.79,final
2090,4360,0.92,final
2091,4360,0.93,final
2092,4360,0.85,final
2093,4360,0.86,final
2094,4360,0.93,final
2095,4380,0.91,final
2096,4380,0.87,final
2097,4380,0.82,final
2098,4380,0.93,final
2099,4380,0.94,final
2100,4400,0.94,final
2101,4400,0.88,final
2102,4400,0.83,final
2103,4400,0.87,final
2104,4400,0.93,final
2105,4420,0.9,final
2106,4420,0.88,final
2107,4420,0.94,final
2108,4420,0.92,final
2109,4420,0.92,final
2110,4440,0.91,final
2111,4440,0.94,final
2112,4440,0.85,final
2113,4440,0.91,final
2114,4440,0.83,final
2115,4460,0.93,final
2116,4460,0.87,final
2117,4460,0.91,final
2118,4460,0.91,final
2119,4460,0.96,final
2120,4480,0.97,final
2121,4480,0.86,final
2122,4480,0.95,final
2123,4480,0.95,final
2124,4480,0.94,final
2125,4500,0.91,final
2126,4500,0.95,final
2127,4500,0.9,final
2128,4500,0.89,final
2129,4500,0.88,final
2130,4520,0.96,final
2131,4520,0.93,final
2132,4520,0.86,final
2133,4520,0.88,final
2134,4520,0.97,final
2135,4540,0.85,final
2136,4540,0.95,final
2137,4540,0.94,final
2138,4540,0.98,final
2139,4540,0.94,final
2140,4560,0.97,final
2141,4560,0.92,final
2142,4560,0.91,final
2143,4560,0.98,final
2144,4560,0.94,final
2145,4580,0.87,final
2146,4580,0.92,final
2147,4580,0.91,final
2148,4580,0.96,final
2149,4580,0.94,final
2150,4600,0.94,final
2151,4600,0.98,final
2152,4600,0.93,final
2153,4600,0.98,final
2154,4600,0.99,final
2155,4620,1,final
2156,4620,0.9,final
2157,4620,0.96,final
2158,4620,0.99,final
2159,4620,0.99,final
2160,4640,0.95,final
2161,4640,0.94,final
2162,4640,0.96,final
2163,4640,0.94,final
2164,4640,0.96,final
2165,4660,0.93,final
2166,4660,0.99,final
2167,4660,0.99,final
2168,4660,0.95,final
2169,4660,0.9,final
2170,4680,0.99,final
2171,4680,1,final
2172,4680,0.97,final
2173,4680,0.95,final
2174,4680,0.99,final
2175,4700,0.98,final
2176,4700,0.94,final
2177,4700,0.96,final
2178,4700,0.98,final
2179,4700,0.96,final
2180,4720,0.98,final
2181,4720,0.88,final
2182,4720,0.94,final
2183,4720,0.93,final
2184,4720,0.98,final
2185,4740,0.91,final
2186,4740,0.99,final
2187,4740,0.97,final
2188,4740,0.96,final
2189,4740,0.99,final
2190,4760,0.99,final
2191,4760,0.92,final
2192,4760,1,final
2193,4760,0.86,final
2194,4760,0.96,final
2195,4780,0.92,final
2196,4780,0.98,final
2197,4780,0.96,final
2198,4780,0.96,final
2199,4780,0.95,final
2200,4800,0.97,final
2201,4800,0.96,final
2202,4800,0.96,final
2203,4800,0.94,final
2204,4800,0.99,final
2205,4820,1,final
2206,4820,1,final
2207,4820,0.95,final
2208,4820,0.91,final
2209,4820,0.94,final
2210,4840,0.97,final
2211,4840,1,final
2212,4840,0.97,final
2213,4840,0.88,final
2214,4840,0.97,final
2215,4860,0.95,final
2216,4860,0.91,final
2217,4860,0.99,final
2218,4860,0.93,final
2219,4860,0.92,final
2220,4880,1,final
2221,4880,0.97,final
2222,4880,0.93,final
2223,4880,0.96,final
2224,4880,0.98,final
2225,4900,0.93,final
2226,4900,0.95,final
2227,4900,0.99,final
2228,4900,0.89,final
2229,4900,0.97,final
2230,4920,0.91,final
2231,4920,0.98,final
2232,4920,0.94,final
2233,4920,0.99,final
2234,4920,0.97,final
2235,4940,0.97,final
2236,4940,0.93,final
2237,4940,0.96,final
2238,4940,0.95,final
2239,4940,0.9,final
2240,4960,0.95,final
2241,4960,0.94,final
2242,4960,0.95,final
2243,4960,0.99,final
2244,4960,0.88,final
2245,4980,0.99,final
2246,4980,0.98,final
2247,4980,0.96,final
2248,4980,0.92,final
2249,4980,0.95,final
2250,0,0.42,together
2251,0,0.21,together
2252,0,0.34,together
2253,0,0.16,together
2254,0,0.3,together
2255,20.07630522,0.39,together
2256,20.07630522,0.36,together
2257,20.07630522,0.07,together
2258,20.07630522,0.23,together
2259,20.07630522,0.07,together
2260,40.15261044,0.37,together
2261,40.15261044,0.28,together
2262,40.15261044,0.34,together
2263,40.15261044,0.11,together
2264,40.15261044,0.3,together
2265,60.22891566,0.45,together
2266,60.22891566,0.15,together
2267,60.22891566,0.37,together
2268,60.22891566,0.25,together
2269,60.22891566,0.29,together
2270,80.30522088,0.39,together
2271,80.30522088,0.31,together
2272,80.30522088,0.3,together
2273,80.30522088,0.41,together
2274,80.30522088,0.26,together
2275,100.3815261,0.22,together
2276,100.3815261,0.21,together
2277,100.3815261,0.32,together
2278,100.3815261,0.28,together
2279,100.3815261,0.3,together
2280,120.4578313,0.11,together
2281,120.4578313,0.24,together
2282,120.4578313,0.3,together
2283,120.4578313,0.29,together
2284,120.4578313,0.27,together
2285,140.5341365,0.17,together
2286,140.5341365,0.03,together
2287,140.5341365,0.41,together
2288,140.5341365,0.25,together
2289,140.5341365,0.31,together
2290,160.6104418,0.14,together
2291,160.6104418,0.33,together
2292,160.6104418,0.28,together
2293,160.6104418,0.4,together
2294,160.6104418,0.23,together
2295,180.686747,0.27,together
2296,180.686747,0.03,together
2297,180.686747,0.18,together
2298,180.686747,0.42,together
2299,180.686747,0.26,together
2300,200.7630522,0.02,together
2301,200.7630522,0.18,together
2302,200.7630522,0.4,together
2303,200.7630522,0.34,together
2304,200.7630522,0.13,together
2305,220.8393574,0.36,together
2306,220.8393574,0.38,together
2307,220.8393574,0.04,together
2308,220.8393574,0.01,together
2309,220.8393574,0.16,together
2310,240.9156627,0.36,together
2311,240.9156627,0.28,together
2312,240.9156627,0.11,together
2313,240.9156627,0.24,together
2314,240.9156627,0.39,together
2315,260.9919679,0.22,together
2316,260.9919679,0.25,together
2317,260.9919679,0.25,together
2318,260.9919679,0.07,together
2319,260.9919679,0.15,together
2320,281.0682731,0.08,together
2321,281.0682731,0.17,together
2322,281.0682731,0.17,together
2323,281.0682731,0.3,together
2324,281.0682731,0.29,together
2325,301.1445783,0.17,together
2326,301.1445783,0.37,together
2327,301.1445783,0.34,together
2328,301.1445783,0,together
2329,301.1445783,0.06,together
2330,321.2208835,0.29,together
2331,321.2208835,0.28,together
2332,321.2208835,0.41,together
2333,321.2208835,0.11,together
2334,321.2208835,0.22,together
2335,341.2971888,0.44,together
2336,341.2971888,0.21,together
2337,341.2971888,0.14,together
2338,341.2971888,0.02,together
2339,341.2971888,0.08,together
2340,361.373494,0.2,together
2341,361.373494,0.04,together
2342,361.373494,0.18,together
2343,361.373494,0.24,together
2344,361.373494,0.27,together
2345,381.4497992,0.16,together
2346,381.4497992,0.04,together
2347,381.4497992,0.33,together
2348,381.4497992,0.14,together
2349,381.4497992,0.01,together
2350,401.5261044,0.28,together
2351,401.5261044,0.42,together
2352,401.5261044,0.15,together
2353,401.5261044,0.24,together
2354,401.5261044,0.16,together
2355,421.6024096,0.28,together
2356,421.6024096,0.06,together
2357,421.6024096,0.35,together
2358,421.6024096,0.04,together
2359,421.6024096,0.01,together
2360,441.6787149,0.34,together
2361,441.6787149,0.43,together
2362,441.6787149,0.33,together
2363,441.6787149,0.14,together
2364,441.6787149,0.29,together
2365,461.7550201,0.41,together
2366,461.7550201,0.22,together
2367,461.7550201,0.31,together
2368,461.7550201,0.21,together
2369,461.7550201,0.25,together
2370,481.8313253,0.4,together
2371,481.8313253,0.3,together
2372,481.8313253,0.26,together
2373,481.8313253,0.41,together
2374,481.8313253,0,together
2375,501.9076305,0.3,together
2376,501.9076305,0.32,together
2377,501.9076305,0.07,together
2378,501.9076305,0.29,together
2379,501.9076305,0.34,together
2380,521.9839357,0.4,together
2381,521.9839357,0.04,together
2382,521.9839357,0.36,together
2383,521.9839357,0.41,together
2384,521.9839357,0.38,together
2385,542.060241,0.4,together
2386,542.060241,0.39,together
2387,542.060241,0.35,together
2388,542.060241,0.38,together
2389,542.060241,0.25,together
2390,562.1365462,0.11,together
2391,562.1365462,0.01,together
2392,562.1365462,0.38,together
2393,562.1365462,0.36,together
2394,562.1365462,0.16,together
2395,582.2128514,0.42,together
2396,582.2128514,0.37,together
2397,582.2128514,0.27,together
2398,582.2128514,0.4,together
2399,582.2128514,0.4,together
2400,602.2891566,0.44,together
2401,602.2891566,0.37,together
2402,602.2891566,0.29,together
2403,602.2891566,0.26,together
2404,602.2891566,0.14,together
2405,622.3654618,0.39,together
2406,622.3654618,0.08,together
2407,622.3654618,0.16,together
2408,622.3654618,0.41,together
2409,622.3654618,0.37,together
2410,642.4417671,0.28,together
2411,642.4417671,0.36,together
2412,642.4417671,0.24,together
2413,642.4417671,0.38,together
2414,642.4417671,0.02,together
2415,662.5180723,0.39,together
2416,662.5180723,0.17,together
2417,662.5180723,0.11,together
2418,662.5180723,0.18,together
2419,662.5180723,0.34,together
2420,682.5943775,0.03,together
2421,682.5943775,0.1,together
2422,682.5943775,0.04,together
2423,682.5943775,0.07,together
2424,682.5943775,0.28,together
2425,702.6706827,0.27,together
2426,702.6706827,0.42,together
2427,702.6706827,0.04,together
2428,702.6706827,0.15,together
2429,702.6706827,0.02,together
2430,722.746988,0.32,together
2431,722.746988,0.24,together
2432,722.746988,0.29,together
2433,722.746988,0.09,together
2434,722.746988,0.24,together
2435,742.8232932,0.09,together
2436,742.8232932,0.24,together
2437,742.8232932,0.36,together
2438,742.8232932,0.32,together
2439,742.8232932,0.35,together
2440,762.8995984,0.16,together
2441,762.8995984,0.45,together
2442,762.8995984,0.12,together
2443,762.8995984,0.24,together
2444,762.8995984,0.44,together
2445,782.9759036,0.35,together
2446,782.9759036,0.02,together
2447,782.9759036,0.38,together
2448,782.9759036,0.03,together
2449,782.9759036,0.42,together
2450,803.0522088,0.39,together
2451,803.0522088,0.16,together
2452,803.0522088,0.29,together
2453,803.0522088,0.43,together
2454,803.0522088,0.44,together
2455,823.1285141,0.01,together
2456,823.1285141,0.39,together
2457,823.1285141,0.32,together
2458,823.1285141,0.1,together
2459,823.1285141,0.17,together
2460,843.2048193,0.15,together
2461,843.2048193,0.23,together
2462,843.2048193,0.44,together
2463,843.2048193,0.33,together
2464,843.2048193,0.25,together
2465,863.2811245,0.4,together
2466,863.2811245,0.23,together
2467,863.2811245,0.28,together
2468,863.2811245,0.41,together
2469,863.2811245,0.39,together
2470,883.3574297,0.2,together
2471,883.3574297,0.27,together
2472,883.3574297,0.12,together
2473,883.3574297,0.01,together
2474,883.3574297,0.02,together
2475,903.4337349,0.4,together
2476,903.4337349,0.37,together
2477,903.4337349,0.18,together
2478,903.4337349,0.32,together
2479,903.4337349,0.41,together
2480,923.5100402,0.36,together
2481,923.5100402,0.36,together
2482,923.5100402,0.41,together
2483,923.5100402,0.26,together
2484,923.5100402,0.42,together
2485,943.5863454,0.12,together
2486,943.5863454,0.25,together
2487,943.5863454,0.07,together
2488,943.5863454,0.15,together
2489,943.5863454,0.33,together
2490,963.6626506,0.3,together
2491,963.6626506,0.39,together
2492,963.6626506,0.09,together
2493,963.6626506,0.45,together
2494,963.6626506,0.38,together
2495,983.7389558,0.37,together
2496,983.7389558,0.06,together
2497,983.7389558,0.1,together
2498,983.7389558,0.22,together
2499,983.7389558,0.03,together
2500,1003.815261,0.32,together
2501,1003.815261,0.38,together
2502,1003.815261,0.44,together
2503,1003.815261,0.39,together
2504,1003.815261,0.26,together
2505,1023.891566,0.06,together
2506,1023.891566,0.21,together
2507,1023.891566,0.29,together
2508,1023.891566,0.29,together
2509,1023.891566,0.44,together
2510,1043.967871,0.29,together
2511,1043.967871,0.34,together
2512,1043.967871,0.39,together
2513,1043.967871,0.34,together
2514,1043.967871,0.21,together
2515,1064.044177,0.26,together
2516,1064.044177,0.17,together
2517,1064.044177,0.44,together
2518,1064.044177,0.34,together
2519,1064.044177,0.36,together
2520,1084.120482,0.39,together
2521,1084.120482,0.23,together
2522,1084.120482,0.09,together
2523,1084.120482,0.41,together
2524,1084.120482,0.16,together
2525,1104.196787,0.18,together
2526,1104.196787,0.2,together
2527,1104.196787,0.45,together
2528,1104.196787,0.24,together
2529,1104.196787,0.41,together
2530,1124.273092,0.1,together
2531,1124.273092,0.07,together
2532,1124.273092,0.22,together
2533,1124.273092,0.31,together
2534,1124.273092,0.38,together
2535,1144.349398,0.02,together
2536,1144.349398,0.44,together
2537,1144.349398,0.25,together
2538,1144.349398,0.36,together
2539,1144.349398,0.4,together
2540,1164.425703,0.16,together
2541,1164.425703,0.25,together
2542,1164.425703,0.4,together
2543,1164.425703,0.14,together
2544,1164.425703,0.44,together
2545,1184.502008,0.28,together
2546,1184.502008,0.38,together
2547,1184.502008,0.01,together
2548,1184.502008,0.41,together
2549,1184.502008,0.32,together
2550,1204.578313,0.44,together
2551,1204.578313,0.41,together
2552,1204.578313,0.29,together
2553,1204.578313,0.29,together
2554,1204.578313,0.13,together
2555,1224.654618,0.26,together
2556,1224.654618,0.36,together
2557,1224.654618,0.07,together
2558,1224.654618,0.43,together
2559,1224.654618,0.26,together
2560,1244.730924,0.39,together
2561,1244.730924,0.23,together
2562,1244.730924,0.35,together
2563,1244.730924,0.23,together
2564,1244.730924,0.22,together
2565,1264.807229,0.19,together
2566,1264.807229,0.43,together
2567,1264.807229,0.08,together
2568,1264.807229,0.32,together
2569,1264.807229,0.34,together
2570,1284.883534,0.34,together
2571,1284.883534,0.35,together
2572,1284.883534,0.05,together
2573,1284.883534,0.29,together
2574,1284.883534,0.13,together
2575,1304.959839,0.38,together
2576,1304.959839,0.14,together
2577,1304.959839,0.26,together
2578,1304.959839,0.05,together
2579,1304.959839,0.4,together
2580,1325.036145,0.16,together
2581,1325.036145,0,together
2582,1325.036145,0.04,together
2583,1325.036145,0.22,together
2584,1325.036145,0.27,together
2585,1345.11245,0.22,together
2586,1345.11245,0.38,together
2587,1345.11245,0.05,together
2588,1345.11245,0.31,together
2589,1345.11245,0.24,together
2590,1365.188755,0.44,together
2591,1365.188755,0.18,together
2592,1365.188755,0.35,together
2593,1365.188755,0.2,together
2594,1365.188755,0.34,together
2595,1385.26506,0.34,together
2596,1385.26506,0.25,together
2597,1385.26506,0.2,together
2598,1385.26506,0.3,together
2599,1385.26506,0.28,together
2600,1405.341365,0.44,together
2601,1405.341365,0.35,together
2602,1405.341365,0.43,together
2603,1405.341365,0.11,together
2604,1405.341365,0.18,together
2605,1425.417671,0.01,together
2606,1425.417671,0.39,together
2607,1425.417671,0.35,together
2608,1425.417671,0.08,together
2609,1425.417671,0.23,together
2610,1445.493976,0.2,together
2611,1445.493976,0.31,together
2612,1445.493976,0.03,together
2613,1445.493976,0.02,together
2614,1445.493976,0.41,together
2615,1465.570281,0.33,together
2616,1465.570281,0.3,together
2617,1465.570281,0.11,together
2618,1465.570281,0.36,together
2619,1465.570281,0.2,together
2620,1485.646586,0.26,together
2621,1485.646586,0.04,together
2622,1485.646586,0.33,together
2623,1485.646586,0.41,together
2624,1485.646586,0.37,together
2625,1505.722892,0.21,together
2626,1505.722892,0.4,together
2627,1505.722892,0.02,together
2628,1505.722892,0.07,together
2629,1505.722892,0.23,together
2630,1525.799197,0.42,together
2631,1525.799197,0.34,together
2632,1525.799197,0.24,together
2633,1525.799197,0.19,together
2634,1525.799197,0.16,together
2635,1545.875502,0.36,together
2636,1545.875502,0.15,together
2637,1545.875502,0.29,together
2638,1545.875502,0.41,together
2639,1545.875502,0.28,together
2640,1565.951807,0.37,together
2641,1565.951807,0.37,together
2642,1565.951807,0.39,together
2643,1565.951807,0.06,together
2644,1565.951807,0.3,together
2645,1586.028112,0.43,together
2646,1586.028112,0.41,together
2647,1586.028112,0.39,together
2648,1586.028112,0.42,together
2649,1586.028112,0.42,together
2650,1606.104418,0.04,together
2651,1606.104418,0.38,together
2652,1606.104418,0.4,together
2653,1606.104418,0.06,together
2654,1606.104418,0.02,together
2655,1626.180723,0.44,together
2656,1626.180723,0.41,together
2657,1626.180723,0.45,together
2658,1626.180723,0.2,together
2659,1626.180723,0.4,together
2660,1646.257028,0.31,together
2661,1646.257028,0.39,together
2662,1646.257028,0.24,together
2663,1646.257028,0.38,together
2664,1646.257028,0.17,together
2665,1666.333333,0.26,together
2666,1666.333333,0.06,together
2667,1666.333333,0.01,together
2668,1666.333333,0.05,together
2669,1666.333333,0.41,together
2670,1686.409639,0.13,together
2671,1686.409639,0.19,together
2672,1686.409639,0.38,together
2673,1686.409639,0.04,together
2674,1686.409639,0.04,together
2675,1706.485944,0.38,together
2676,1706.485944,0.41,together
2677,1706.485944,0.37,together
2678,1706.485944,0.13,together
2679,1706.485944,0.08,together
2680,1726.562249,0.19,together
2681,1726.562249,0.3,together
2682,1726.562249,0.32,together
2683,1726.562249,0.44,together
2684,1726.562249,0.2,together
2685,1746.638554,0.28,together
2686,1746.638554,0.14,together
2687,1746.638554,0.09,together
2688,1746.638554,0.13,together
2689,1746.638554,0.12,together
2690,1766.714859,0.4,together
2691,1766.714859,0.15,together
2692,1766.714859,0.37,together
2693,1766.714859,0.4,together
2694,1766.714859,0.21,together
2695,1786.791165,0.42,together
2696,1786.791165,0.08,together
2697,1786.791165,0.06,together
2698,1786.791165,0.35,together
2699,1786.791165,0.37,together
2700,1806.86747,0.14,together
2701,1806.86747,0.26,together
2702,1806.86747,0.1,together
2703,1806.86747,0.08,together
2704,1806.86747,0.38,together
2705,1826.943775,0.14,together
2706,1826.943775,0.41,together
2707,1826.943775,0.39,together
2708,1826.943775,0.43,together
2709,1826.943775,0.4,together
2710,1847.02008,0.04,together
2711,1847.02008,0.21,together
2712,1847.02008,0.36,together
2713,1847.02008,0.44,together
2714,1847.02008,0.14,together
2715,1867.096386,0.27,together
2716,1867.096386,0.18,together
2717,1867.096386,0.21,together
2718,1867.096386,0.31,together
2719,1867.096386,0.24,together
2720,1887.172691,0.45,together
2721,1887.172691,0.27,together
2722,1887.172691,0.4,together
2723,1887.172691,0.14,together
2724,1887.172691,0.13,together
2725,1907.248996,0.4,together
2726,1907.248996,0.39,together
2727,1907.248996,0.35,together
2728,1907.248996,0.07,together
2729,1907.248996,0.3,together
2730,1927.325301,0.26,together
2731,1927.325301,0.39,together
2732,1927.325301,0.25,together
2733,1927.325301,0.3,together
2734,1927.325301,0.32,together
2735,1947.401606,0.36,together
2736,1947.401606,0.07,together
2737,1947.401606,0.34,together
2738,1947.401606,0.32,together
2739,1947.401606,0.09,together
2740,1967.477912,0.43,together
2741,1967.477912,0.44,together
2742,1967.477912,0.28,together
2743,1967.477912,0.06,together
2744,1967.477912,0.4,together
2745,1987.554217,0.41,together
2746,1987.554217,0.2,together
2747,1987.554217,0.06,together
2748,1987.554217,0.28,together
2749,1987.554217,0.41,together
2750,2007.630522,0.17,together
2751,2007.630522,0.29,together
2752,2007.630522,0.4,together
2753,2007.630522,0.2,together
2754,2007.630522,0.24,together
2755,2027.706827,0.2,together
2756,2027.706827,0.41,together
2757,2027.706827,0.27,together
2758,2027.706827,0.28,together
2759,2027.706827,0.3,together
2760,2047.783133,0.41,together
2761,2047.783133,0.14,together
2762,2047.783133,0.41,together
2763,2047.783133,0.37,together
2764,2047.783133,0.24,together
2765,2067.859438,0.33,together
2766,2067.859438,0.21,together
2767,2067.859438,0.31,together
2768,2067.859438,0.41,together
2769,2067.859438,0.42,together
2770,2087.935743,0.25,together
2771,2087.935743,0.28,together
2772,2087.935743,0.05,together
2773,2087.935743,0.08,together
2774,2087.935743,0.39,together
2775,2108.012048,0.29,together
2776,2108.012048,0.04,together
2777,2108.012048,0.24,together
2778,2108.012048,0.45,together
2779,2108.012048,0.4,together
2780,2128.088353,0.05,together
2781,2128.088353,0.45,together
2782,2128.088353,0.16,together
2783,2128.088353,0.31,together
2784,2128.088353,0.16,together
2785,2148.164659,0.41,together
2786,2148.164659,0.19,together
2787,2148.164659,0.16,together
2788,2148.164659,0.19,together
2789,2148.164659,0,together
2790,2168.240964,0.22,together
2791,2168.240964,0.38,together
2792,2168.240964,0.06,together
2793,2168.240964,0.19,together
2794,2168.240964,0.19,together
2795,2188.317269,0.29,together
2796,2188.317269,0.34,together
2797,2188.317269,0.37,together
2798,2188.317269,0.09,together
2799,2188.317269,0.28,together
2800,2208.393574,0.38,together
2801,2208.393574,0.01,together
2802,2208.393574,0.37,together
2803,2208.393574,0.3,together
2804,2208.393574,0.31,together
2805,2228.46988,0.17,together
2806,2228.46988,0.41,together
2807,2228.46988,0.3,together
2808,2228.46988,0.43,together
2809,2228.46988,0.43,together
2810,2248.546185,0.12,together
2811,2248.546185,0.37,together
2812,2248.546185,0.39,together
2813,2248.546185,0.41,together
2814,2248.546185,0.17,together
2815,2268.62249,0.31,together
2816,2268.62249,0.1,together
2817,2268.62249,0.2,together
2818,2268.62249,0.41,together
2819,2268.62249,0.24,together
2820,2288.698795,0.21,together
2821,2288.698795,0.39,together
2822,2288.698795,0.24,together
2823,2288.698795,0.32,together
2824,2288.698795,0.42,together
2825,2308.7751,0.22,together
2826,2308.7751,0.4,together
2827,2308.7751,0.38,together
2828,2308.7751,0.12,together
2829,2308.7751,0.36,together
2830,2328.851406,0.37,together
2831,2328.851406,0.07,together
2832,2328.851406,0.42,together
2833,2328.851406,0,together
2834,2328.851406,0.24,together
2835,2348.927711,0.05,together
2836,2348.927711,0.04,together
2837,2348.927711,0.33,together
2838,2348.927711,0.27,together
2839,2348.927711,0.04,together
2840,2369.004016,0.42,together
2841,2369.004016,0.32,together
2842,2369.004016,0.14,together
2843,2369.004016,0.28,together
2844,2369.004016,0.35,together
2845,2389.080321,0.3,together
2846,2389.080321,0.12,together
2847,2389.080321,0.43,together
2848,2389.080321,0.3,together
2849,2389.080321,0.12,together
2850,2409.156627,0.07,together
2851,2409.156627,0.23,together
2852,2409.156627,0.24,together
2853,2409.156627,0.44,together
2854,2409.156627,0.1,together
2855,2429.232932,0,together
2856,2429.232932,0.44,together
2857,2429.232932,0.32,together
2858,2429.232932,0.27,together
2859,2429.232932,0,together
2860,2449.309237,0.33,together
2861,2449.309237,0.44,together
2862,2449.309237,0.03,together
2863,2449.309237,0.15,together
2864,2449.309237,0.22,together
2865,2469.385542,0.19,together
2866,2469.385542,0.31,together
2867,2469.385542,0.12,together
2868,2469.385542,0.15,together
2869,2469.385542,0.29,together
2870,2489.461847,0.17,together
2871,2489.461847,0.15,together
2872,2489.461847,0.21,together
2873,2489.461847,0.17,together
2874,2489.461847,0.2,together
2875,2509.538153,0.17,together
2876,2509.538153,0.46,together
2877,2509.538153,0.18,together
2878,2509.538153,0.03,together
2879,2509.538153,0.26,together
2880,2529.614458,0,together
2881,2529.614458,0.19,together
2882,2529.614458,0.16,together
2883,2529.614458,0.38,together
2884,2529.614458,0.35,together
2885,2549.690763,0.42,together
2886,2549.690763,0.36,together
2887,2549.690763,0.14,together
2888,2549.690763,0.24,together
2889,2549.690763,0.38,together
2890,2569.767068,0.21,together
2891,2569.767068,0.24,together
2892,2569.767068,0.43,together
2893,2569.767068,0.25,together
2894,2569.767068,0.27,together
2895,2589.843373,0.41,together
2896,2589.843373,0.2,together
2897,2589.843373,0.13,together
2898,2589.843373,0.39,together
2899,2589.843373,0.24,together
2900,2609.919679,0.43,together
2901,2609.919679,0.03,together
2902,2609.919679,0.24,together
2903,2609.919679,0.39,together
2904,2609.919679,0.22,together
2905,2629.995984,0.03,together
2906,2629.995984,0.1,together
2907,2629.995984,0.31,together
2908,2629.995984,0.32,together
2909,2629.995984,0.13,together
2910,2650.072289,0.2,together
2911,2650.072289,0.06,together
2912,2650.072289,0.11,together
2913,2650.072289,0.32,together
2914,2650.072289,0.26,together
2915,2670.148594,0.2,together
2916,2670.148594,0.43,together
2917,2670.148594,0.44,together
2918,2670.148594,0.41,together
2919,2670.148594,0.07,together
2920,2690.2249,0.04,together
2921,2690.2249,0.31,together
2922,2690.2249,0.31,together
2923,2690.2249,0.35,together
2924,2690.2249,0.34,together
2925,2710.301205,0.33,together
2926,2710.301205,0.36,together
2927,2710.301205,0.15,together
2928,2710.301205,0.37,together
2929,2710.301205,0.23,together
2930,2730.37751,0.44,together
2931,2730.37751,0.38,together
2932,2730.37751,0.29,together
2933,2730.37751,0.19,together
2934,2730.37751,0.04,together
2935,2750.453815,0.34,together
2936,2750.453815,0.4,together
2937,2750.453815,0.39,together
2938,2750.453815,0.16,together
2939,2750.453815,0.35,together
2940,2770.53012,0.12,together
2941,2770.53012,0.37,together
2942,2770.53012,0.42,together
2943,2770.53012,0.24,together
2944,2770.53012,0.21,together
2945,2790.606426,0.41,together
2946,2790.606426,0.3,together
2947,2790.606426,0.25,together
2948,2790.606426,0.3,together
2949,2790.606426,0.23,together
2950,2810.682731,0.09,together
2951,2810.682731,0.31,together
2952,2810.682731,0.28,together
2953,2810.682731,0.42,together
2954,2810.682731,0.43,together
2955,2830.759036,0.11,together
2956,2830.759036,0.3,together
2957,2830.759036,0.31,together
2958,2830.759036,0.45,together
2959,2830.759036,0,together
2960,2850.835341,0.35,together
2961,2850.835341,0.11,together
2962,2850.835341,0,together
2963,2850.835341,0.25,together
2964,2850.835341,0.26,together
2965,2870.911647,0.4,together
2966,2870.911647,0.24,together
2967,2870.911647,0.18,together
2968,2870.911647,0.43,together
2969,2870.911647,0.12,together
2970,2890.987952,0.22,together
2971,2890.987952,0.39,together
2972,2890.987952,0.07,together
2973,2890.987952,0.24,together
2974,2890.987952,0.35,together
2975,2911.064257,0.37,together
2976,2911.064257,0.25,together
2977,2911.064257,0.24,together
2978,2911.064257,0.41,together
2979,2911.064257,0.31,together
2980,2931.140562,0.35,together
2981,2931.140562,0.37,together
2982,2931.140562,0.29,together
2983,2931.140562,0.25,together
2984,2931.140562,0.33,together
2985,2951.216867,0.08,together
2986,2951.216867,0.31,together
2987,2951.216867,0.43,together
2988,2951.216867,0.24,together
2989,2951.216867,0.4,together
2990,2971.293173,0.31,together
2991,2971.293173,0.02,together
2992,2971.293173,0.38,together
2993,2971.293173,0.29,together
2994,2971.293173,0.29,together
2995,2991.369478,0.14,together
2996,2991.369478,0.31,together
2997,2991.369478,0.35,together
2998,2991.369478,0.24,together
2999,2991.369478,0.45,together
3000,3011.445783,0.03,together
3001,3011.445783,0.42,together
3002,3011.445783,0.33,together
3003,3011.445783,0.26,together
3004,3011.445783,0.34,together
3005,3031.522088,0.24,together
3006,3031.522088,0.39,together
3007,3031.522088,0.14,together
3008,3031.522088,0.13,together
3009,3031.522088,0.41,together
3010,3051.598394,0.32,together
3011,3051.598394,0.32,together
3012,3051.598394,0.45,together
3013,3051.598394,0.38,together
3014,3051.598394,0.36,together
3015,3071.674699,0.34,together
3016,3071.674699,0.33,together
3017,3071.674699,0.38,together
3018,3071.674699,0.44,together
3019,3071.674699,0.3,together
3020,3091.751004,0.34,together
3021,3091.751004,0.31,together
3022,3091.751004,0.23,together
3023,3091.751004,0.42,together
3024,3091.751004,0.03,together
3025,3111.827309,0.22,together
3026,3111.827309,0.07,together
3027,3111.827309,0.24,together
3028,3111.827309,0.15,together
3029,3111.827309,0.38,together
3030,3131.903614,0.02,together
3031,3131.903614,0.38,together
3032,3131.903614,0.02,together
3033,3131.903614,0.33,together
3034,3131.903614,0.33,together
3035,3151.97992,0.45,together
3036,3151.97992,0.4,together
3037,3151.97992,0.45,together
3038,3151.97992,0.44,together
3039,3151.97992,0.46,together
3040,3172.056225,0.04,together
3041,3172.056225,0.2,together
3042,3172.056225,0.13,together
3043,3172.056225,0.38,together
3044,3172.056225,0.28,together
3045,3192.13253,0.38,together
3046,3192.13253,0.26,together
3047,3192.13253,0.28,together
3048,3192.13253,0.01,together
3049,3192.13253,0.35,together
3050,3212.208835,0.06,together
3051,3212.208835,0.18,together
3052,3212.208835,0.36,together
3053,3212.208835,0.23,together
3054,3212.208835,0.13,together
3055,3232.285141,0.25,together
3056,3232.285141,0.31,together
3057,3232.285141,0.3,together
3058,3232.285141,0.22,together
3059,3232.285141,0.36,together
3060,3252.361446,0.25,together
3061,3252.361446,0.24,together
3062,3252.361446,0.3,together
3063,3252.361446,0.19,together
3064,3252.361446,0.04,together
3065,3272.437751,0.23,together
3066,3272.437751,0.35,together
3067,3272.437751,0.27,together
3068,3272.437751,0.42,together
3069,3272.437751,0.34,together
3070,3292.514056,0.33,together
3071,3292.514056,0.27,together
3072,3292.514056,0.13,together
3073,3292.514056,0.44,together
3074,3292.514056,0.35,together
3075,3312.590361,0.26,together
3076,3312.590361,0.42,together
3077,3312.590361,0.04,together
3078,3312.590361,0.39,together
3079,3312.590361,0.44,together
3080,3332.666667,0.33,together
3081,3332.666667,0.32,together
3082,3332.666667,0.32,together
3083,3332.666667,0.07,together
3084,3332.666667,0.2,together
3085,3352.742972,0.43,together
3086,3352.742972,0.36,together
3087,3352.742972,0.27,together
3088,3352.742972,0.18,together
3089,3352.742972,0.01,together
3090,3372.819277,0.28,together
3091,3372.819277,0.32,together
3092,3372.819277,0.01,together
3093,3372.819277,0.1,together
3094,3372.819277,0.34,together
3095,3392.895582,0.3,together
3096,3392.895582,0.45,together
3097,3392.895582,0.14,together
3098,3392.895582,0.41,together
3099,3392.895582,0.17,together
3100,3412.971888,0.15,together
3101,3412.971888,0.1,together
3102,3412.971888,0.18,together
3103,3412.971888,0.43,together
3104,3412.971888,0.21,together
3105,3433.048193,0.34,together
3106,3433.048193,0.44,together
3107,3433.048193,0.31,together
3108,3433.048193,0.41,together
3109,3433.048193,0.33,together
3110,3453.124498,0.17,together
3111,3453.124498,0.33,together
3112,3453.124498,0.3,together
3113,3453.124498,0.18,together
3114,3453.124498,0.37,together
3115,3473.200803,0.42,together
3116,3473.200803,0.24,together
3117,3473.200803,0.4,together
3118,3473.200803,0.41,together
3119,3473.200803,0.33,together
3120,3493.277108,0.15,together
3121,3493.277108,0.44,together
3122,3493.277108,0.2,together
3123,3493.277108,0.32,together
3124,3493.277108,0.07,together
3125,3513.353414,0.33,together
3126,3513.353414,0.34,together
3127,3513.353414,0.2,together
3128,3513.353414,0.38,together
3129,3513.353414,0.05,together
3130,3533.429719,0.28,together
3131,3533.429719,0.03,together
3132,3533.429719,0.06,together
3133,3533.429719,0.38,together
3134,3533.429719,0.39,together
3135,3553.506024,0.08,together
3136,3553.506024,0.38,together
3137,3553.506024,0.35,together
3138,3553.506024,0.17,together
3139,3553.506024,0.44,together
3140,3573.582329,0.26,together
3141,3573.582329,0.26,together
3142,3573.582329,0.4,together
3143,3573.582329,0.44,together
3144,3573.582329,0.34,together
3145,3593.658635,0.31,together
3146,3593.658635,0.41,together
3147,3593.658635,0.31,together
3148,3593.658635,0.42,together
3149,3593.658635,0.36,together
3150,3613.73494,0.41,together
3151,3613.73494,0.23,together
3152,3613.73494,0.03,together
3153,3613.73494,0.39,together
3154,3613.73494,0.31,together
3155,3633.811245,0.15,together
3156,3633.811245,0.2,together
3157,3633.811245,0.31,together
3158,3633.811245,0.2,together
3159,3633.811245,0.35,together
3160,3653.88755,0.28,together
3161,3653.88755,0.15,together
3162,3653.88755,0.35,together
3163,3653.88755,0.26,together
3164,3653.88755,0.43,together
3165,3673.963855,0.38,together
3166,3673.963855,0.45,together
3167,3673.963855,0.46,together
3168,3673.963855,0.43,together
3169,3673.963855,0.27,together
3170,3694.040161,0.4,together
3171,3694.040161,0.45,together
3172,3694.040161,0.29,together
3173,3694.040161,0.39,together
3174,3694.040161,0.42,together
3175,3714.116466,0.33,together
3176,3714.116466,0.32,together
3177,3714.116466,0.32,together
3178,3714.116466,0.13,together
3179,3714.116466,0.21,together
3180,3734.192771,0.27,together
3181,3734.192771,0.16,together
3182,3734.192771,0.39,together
3183,3734.192771,0.43,together
3184,3734.192771,0.26,together
3185,3754.269076,0.08,together
3186,3754.269076,0.44,together
3187,3754.269076,0.36,together
3188,3754.269076,0.39,together
3189,3754.269076,0.1,together
3190,3774.345382,0.1,together
3191,3774.345382,0.26,together
3192,3774.345382,0.37,together
3193,3774.345382,0.03,together
3194,3774.345382,0.27,together
3195,3794.421687,0.01,together
3196,3794.421687,0.43,together
3197,3794.421687,0.03,together
3198,3794.421687,0.18,together
3199,3794.421687,0.44,together
3200,3814.497992,0.26,together
3201,3814.497992,0.23,together
3202,3814.497992,0.28,together
3203,3814.497992,0.36,together
3204,3814.497992,0.38,together
3205,3834.574297,0.03,together
3206,3834.574297,0.32,together
3207,3834.574297,0.22,together
3208,3834.574297,0.23,together
3209,3834.574297,0.19,together
3210,3854.650602,0.07,together
3211,3854.650602,0.45,together
3212,3854.650602,0.31,together
3213,3854.650602,0.3,together
3214,3854.650602,0.23,together
3215,3874.726908,0.21,together
3216,3874.726908,0.2,together
3217,3874.726908,0.45,together
3218,3874.726908,0.36,together
3219,3874.726908,0.3,together
3220,3894.803213,0.44,together
3221,3894.803213,0.33,together
3222,3894.803213,0.36,together
3223,3894.803213,0.05,together
3224,3894.803213,0.26,together
3225,3914.879518,0.22,together
3226,3914.879518,0.44,together
3227,3914.879518,0.36,together
3228,3914.879518,0.05,together
3229,3914.879518,0.05,together
3230,3934.955823,0.32,together
3231,3934.955823,0.44,together
3232,3934.955823,0.26,together
3233,3934.955823,0.08,together
3234,3934.955823,0.08,together
3235,3955.032129,0.07,together
3236,3955.032129,0.37,together
3237,3955.032129,0.22,together
3238,3955.032129,0.22,together
3239,3955.032129,0.3,together
3240,3975.108434,0.45,together
3241,3975.108434,0.44,together
3242,3975.108434,0.13,together
3243,3975.108434,0.18,together
3244,3975.108434,0.24,together
3245,3995.184739,0.05,together
3246,3995.184739,0.14,together
3247,3995.184739,0.18,together
3248,3995.184739,0.45,together
3249,3995.184739,0.42,together
3250,4015.261044,0.27,together
3251,4015.261044,0.01,together
3252,4015.261044,0.31,together
3253,4015.261044,0.3,together
3254,4015.261044,0.39,together
3255,4035.337349,0.18,together
3256,4035.337349,0.2,together
3257,4035.337349,0.37,together
3258,4035.337349,0.31,together
3259,4035.337349,0.43,together
3260,4055.413655,0.32,together
3261,4055.413655,0.25,together
3262,4055.413655,0.1,together
3263,4055.413655,0.44,together
3264,4055.413655,0.17,together
3265,4075.48996,0.08,together
3266,4075.48996,0.38,together
3267,4075.48996,0.34,together
3268,4075.48996,0.33,together
3269,4075.48996,0.31,together
3270,4095.566265,0.04,together
3271,4095.566265,0.33,together
3272,4095.566265,0,together
3273,4095.566265,0.23,together
3274,4095.566265,0.32,together
3275,4115.64257,0.17,together
3276,4115.64257,0.04,together
3277,4115.64257,0.33,together
3278,4115.64257,0.44,together
3279,4115.64257,0.23,together
3280,4135.718876,0.41,together
3281,4135.718876,0.13,together
3282,4135.718876,0.22,together
3283,4135.718876,0.13,together
3284,4135.718876,0.28,together
3285,4155.795181,0.08,together
3286,4155.795181,0.42,together
3287,4155.795181,0.4,together
3288,4155.795181,0.2,together
3289,4155.795181,0.28,together
3290,4175.871486,0.09,together
3291,4175.871486,0.37,together
3292,4175.871486,0.32,together
3293,4175.871486,0.14,together
3294,4175.871486,0.05,together
3295,4195.947791,0.03,together
3296,4195.947791,0.13,together
3297,4195.947791,0.45,together
3298,4195.947791,0.28,together
3299,4195.947791,0.41,together
3300,4216.024096,0.29,together
3301,4216.024096,0.09,together
3302,4216.024096,0.32,together
3303,4216.024096,0.01,together
3304,4216.024096,0.13,together
3305,4236.100402,0.16,together
3306,4236.100402,0.31,together
3307,4236.100402,0.27,together
3308,4236.100402,0.44,together
3309,4236.100402,0.24,together
3310,4256.176707,0.31,together
3311,4256.176707,0.32,together
3312,4256.176707,0.07,together
3313,4256.176707,0.4,together
3314,4256.176707,0.1,together
3315,4276.253012,0.4,together
3316,4276.253012,0.41,together
3317,4276.253012,0.04,together
3318,4276.253012,0.19,together
3319,4276.253012,0.24,together
3320,4296.329317,0.17,together
3321,4296.329317,0.35,together
3322,4296.329317,0.02,together
3323,4296.329317,0.06,together
3324,4296.329317,0.12,together
3325,4316.405622,0.07,together
3326,4316.405622,0.1,together
3327,4316.405622,0.31,together
3328,4316.405622,0.4,together
3329,4316.405622,0.25,together
3330,4336.481928,0.38,together
3331,4336.481928,0.45,together
3332,4336.481928,0.35,together
3333,4336.481928,0.16,together
3334,4336.481928,0.42,together
3335,4356.558233,0.1,together
3336,4356.558233,0.43,together
3337,4356.558233,0.44,together
3338,4356.558233,0.27,together
3339,4356.558233,0.37,together
3340,4376.634538,0.19,together
3341,4376.634538,0.27,together
3342,4376.634538,0.28,together
3343,4376.634538,0.34,together
3344,4376.634538,0.42,together
3345,4396.710843,0.1,together
3346,4396.710843,0.17,together
3347,4396.710843,0.35,together
3348,4396.710843,0.37,together
3349,4396.710843,0.44,together
3350,4416.787149,0.26,together
3351,4416.787149,0.24,together
3352,4416.787149,0.37,together
3353,4416.787149,0.22,together
3354,4416.787149,0.31,together
3355,4436.863454,0.39,together
3356,4436.863454,0.45,together
3357,4436.863454,0.27,together
3358,4436.863454,0.45,together
3359,4436.863454,0.32,together
3360,4456.939759,0.1,together
3361,4456.939759,0.14,together
3362,4456.939759,0.43,together
3363,4456.939759,0.44,together
3364,4456.939759,0.23,together
3365,4477.016064,0.28,together
3366,4477.016064,0.1,together
3367,4477.016064,0.33,together
3368,4477.016064,0.38,together
3369,4477.016064,0.27,together
3370,4497.092369,0.37,together
3371,4497.092369,0.28,together
3372,4497.092369,0.45,together
3373,4497.092369,0.21,together
3374,4497.092369,0.35,together
3375,4517.168675,0.13,together
3376,4517.168675,0.05,together
3377,4517.168675,0.26,together
3378,4517.168675,0.35,together
3379,4517.168675,0.29,together
3380,4537.24498,0.1,together
3381,4537.24498,0.21,together
3382,4537.24498,0.26,together
3383,4537.24498,0.03,together
3384,4537.24498,0.37,together
3385,4557.321285,0.25,together
3386,4557.321285,0.17,together
3387,4557.321285,0.45,together
3388,4557.321285,0.28,together
3389,4557.321285,0.38,together
3390,4577.39759,0.4,together
3391,4577.39759,0.25,together
3392,4577.39759,0.2,together
3393,4577.39759,0.11,together
3394,4577.39759,0.19,together
3395,4597.473896,0.43,together
3396,4597.473896,0.39,together
3397,4597.473896,0.08,together
3398,4597.473896,0.34,together
3399,4597.473896,0.09,together
3400,4617.550201,0.41,together
3401,4617.550201,0.34,together
3402,4617.550201,0.32,together
3403,4617.550201,0.45,together
3404,4617.550201,0.36,together
3405,4637.626506,0.01,together
3406,4637.626506,0.46,together
3407,4637.626506,0.43,together
3408,4637.626506,0.38,together
3409,4637.626506,0.38,together
3410,4657.702811,0.33,together
3411,4657.702811,0.3,together
3412,4657.702811,0.3,together
3413,4657.702811,0.45,together
3414,4657.702811,0.33,together
3415,4677.779116,0.21,together
3416,4677.779116,0.18,together
3417,4677.779116,0.29,together
3418,4677.779116,0.43,together
3419,4677.779116,0.08,together
3420,4697.855422,0.21,together
3421,4697.855422,0.37,together
3422,4697.855422,0.33,together
3423,4697.855422,0.41,together
3424,4697.855422,0.1,together
3425,4717.931727,0.23,together
3426,4717.931727,0.05,together
3427,4717.931727,0.04,together
3428,4717.931727,0.14,together
3429,4717.931727,0.09,together
3430,4738.008032,0.19,together
3431,4738.008032,0.02,together
3432,4738.008032,0.45,together
3433,4738.008032,0.41,together
3434,4738.008032,0.2,together
3435,4758.084337,0.31,together
3436,4758.084337,0.26,together
3437,4758.084337,0.38,together
3438,4758.084337,0.05,together
3439,4758.084337,0.3,together
3440,4778.160643,0.06,together
3441,4778.160643,0.45,together
3442,4778.160643,0.38,together
3443,4778.160643,0.39,together
3444,4778.160643,0.09,together
3445,4798.236948,0.4,together
3446,4798.236948,0.35,together
3447,4798.236948,0.34,together
3448,4798.236948,0.35,together
3449,4798.236948,0.27,together
3450,4818.313253,0.43,together
3451,4818.313253,0.3,together
3452,4818.313253,0.06,together
3453,4818.313253,0.42,together
3454,4818.313253,0.34,together
3455,4838.389558,0.3,together
3456,4838.389558,0.2,together
3457,4838.389558,0.38,together
3458,4838.389558,0.44,together
3459,4838.389558,0.24,together
3460,4858.465863,0.43,together
3461,4858.465863,0.17,together
3462,4858.465863,0.12,together
3463,4858.465863,0.43,together
3464,4858.465863,0.28,together
3465,4878.542169,0.12,together
3466,4878.542169,0.43,together
3467,4878.542169,0.35,together
3468,4878.542169,0.25,together
3469,4878.542169,0.03,together
3470,4898.618474,0.14,together
3471,4898.618474,0.27,together
3472,4898.618474,0.35,together
3473,4898.618474,0.41,together
3474,4898.618474,0,together
3475,4918.694779,0.35,together
3476,4918.694779,0.24,together
3477,4918.694779,0.21,together
3478,4918.694779,0.25,together
3479,4918.694779,0.33,together
3480,4938.771084,0.22,together
3481,4938.771084,0.31,together
3482,4938.771084,0.45,together
3483,4938.771084,0.07,together
3484,4938.771084,0.14,together
3485,4958.84739,0.32,together
3486,4958.84739,0.07,together
3487,4958.84739,0.39,together
3488,4958.84739,0.34,together
3489,4958.84739,0.42,together
3490,4978.923695,0.17,together
3491,4978.923695,0.38,together
3492,4978.923695,0.27,together
3493,4978.923695,0.29,together
3494,4978.923695,0.23,together
3495,4999,0.28,together
3496,4999,0.38,together
3497,4999,0.19,together
3498,4999,0.36,together
3499,4999,0.39,together
